position_id,as_of_date,client_id,portfolio,security_id,quantity,market_value,source_system,base_currency
POS0000000,2026-05-15,CL201,PORT-030,SEC00005,38509.0,51008.73,Custodian,GBP
POS0000001,2026-05-16,CL881,PORT-038,SEC00019,36991.0,102395.96,IBOR,USD
POS0000002,2026-05-17,CL662,PORT-079,SEC00262,4872.0,152190.98,ABOR,JPY
POS0000003,2026-05-14,CL136,PORT-001,SEC00306,37997.0,105924.74,ABOR,INR
POS0000004,2026-05-14,CL197,PORT-041,SEC00129,74307.0,114567.38,Custodian,USD
POS0000005,2026-05-18,CL268,PORT-026,SEC00162,67619.0,755578.42,IBOR,INR
POS0000006,2026-05-14,CL963,PORT-044,SEC00174,61554.0,139945.48,Custodian,EUR
POS0000007,2026-05-17,CL629,PORT-001,SEC00044,52896.0,192311.55,ABOR,GBP
POS0000008,2026-05-15,CL350,PORT-073,SEC00071,81876.0,188249.18,ABOR,JPY
POS0000009,2026-05-16,CL348,PORT-037,SEC00095,26676.0,231810.54,Custodian,INR
POS0000010,2026-05-15,CL123,PORT-077,SEC00269,28774.0,122226.4,Custodian,EUR
POS0000011,2026-05-14,CL282,PORT-013,SEC00140,74734.0,343928.39,Custodian,GBP
POS0000012,2026-05-17,CL868,PORT-047,SEC00230,50607.0,212381.04,Custodian,INR
POS0000013,2026-05-15,CL638,PORT-054,SEC00062,35234.0,75184.58,Custodian,EUR
POS0000014,2026-05-16,CL430,PORT-063,SEC00305,62142.0,152588.13,ABOR,JPY
POS0000015,2026-05-15,CL119,PORT-001,SEC00282,40354.0,146783.06,IBOR,GBP
POS0000016,2026-05-18,CL408,PORT-051,SEC00152,31574.0,142785.78,ABOR,USD
POS0000017,2026-05-15,CL444,PORT-012,SEC00072,30962.0,220924.9,IBOR,JPY
POS0000018,2026-05-16,CL206,PORT-034,SEC00312,57074.0,238192.66,ABOR,GBP
POS0000019,2026-05-17,CL645,PORT-005,SEC00258,54528.0,221902.16,ABOR,EUR
POS0000020,2026-05-17,CL693,PORT-005,SEC00163,83368.0,199456.05,Custodian,CAD
POS0000021,2026-05-15,CL997,PORT-061,SEC00085,43618.0,171336.14,Custodian,INR
POS0000022,2026-05-17,CL422,PORT-057,SEC00198,43243.0,44769.21,IBOR,EUR
POS0000023,2026-05-19,CL348,PORT-071,SEC00118,81672.0,259558.03,IBOR,JPY
POS0000024,2026-05-14,CL839,PORT-056,SEC00215,71684.0,218166.2,ABOR,INR
POS0000025,2026-05-17,CL415,PORT-048,SEC00266,53188.0,90142.16,Custodian,USD
POS0000026,2026-05-19,CL666,PORT-010,SEC00156,15658.0,192595.88,Custodian,USD
POS0000027,2026-05-18,CL763,PORT-061,SEC00015,32139.0,240088.55,IBOR,JPY
POS0000028,2026-05-15,CL891,PORT-019,SEC00180,26810.0,328649.87,Custodian,CAD
POS0000029,2026-05-18,CL386,PORT-009,SEC00274,50802.0,221058.11,ABOR,CAD
POS0000030,2026-05-18,CL659,PORT-058,SEC00071,38816.0,197394.8,Custodian,GBP
POS0000031,2026-05-17,CL217,PORT-047,SEC00307,85264.0,287237.13,ABOR,INR
POS0000032,2026-05-19,CL800,PORT-012,SEC00115,15428.0,135411.83,IBOR,GBP
POS0000033,2026-05-16,CL140,PORT-044,SEC00218,24451.0,208397.36,ABOR,CAD
POS0000034,2026-05-19,CL726,PORT-055,SEC00224,55382.0,112120.79,Custodian,JPY
POS0000035,2026-05-14,CL287,PORT-040,SEC00058,61472.0,316848.18,ABOR,CAD
POS0000036,2026-05-17,CL515,PORT-057,SEC00012,-6917.0,61955.6,ABOR,GBP
POS0000037,2026-05-18,CL168,PORT-040,SEC00303,11821.0,265678.53,IBOR,CAD
POS0000038,2026-05-17,CL719,PORT-028,SEC00224,44201.0,164493.34,Custodian,INR
POS0000039,2026-05-18,CL533,PORT-018,SEC00202,79833.0,290463.27,Custodian,INR
POS0000040,2026-05-18,CL696,PORT-021,SEC00097,91531.0,101892.48,Custodian,USD
POS0000041,2026-05-19,CL412,PORT-064,SEC00034,40881.0,171783.48,IBOR,INR
POS0000042,2026-05-15,CL106,PORT-030,SEC00086,46246.0,168784.5,ABOR,USD
POS0000043,2026-05-14,CL622,PORT-057,SEC00175,31589.0,211151.28,IBOR,CAD
POS0000044,2026-05-17,CL728,PORT-029,SEC00221,63931.0,86808.76,ABOR,EUR
POS0000045,2026-05-19,CL697,PORT-042,SEC00102,83628.0,238405.68,ABOR,INR
POS0000046,2026-05-19,CL335,PORT-048,SEC00068,77632.0,53769.6,ABOR,JPY
POS0000047,2026-05-15,CL744,PORT-038,SEC00079,49362.0,109020.89,ABOR,GBP
POS0000048,2026-05-17,CL587,PORT-059,SEC00307,31552.0,63726.9,ABOR,CAD
POS0000049,2026-05-18,CL288,PORT-074,SEC00201,50180.0,267515.19,ABOR,GBP
POS0000050,2026-05-19,CL200,PORT-069,SEC00317,80377.0,206918.13,Custodian,USD
POS0000051,2026-05-16,CL392,PORT-073,SEC00002,41189.0,213976.87,IBOR,USD
POS0000052,2026-05-19,CL120,PORT-003,SEC00146,10061.0,393924.14,IBOR,CAD
POS0000053,2026-05-14,CL743,PORT-060,SEC00146,42080.0,134650.12,ABOR,GBP
POS0000054,2026-05-18,CL113,PORT-058,SEC00128,43861.0,234626.79,Custodian,INR
POS0000055,2026-05-19,CL143,PORT-033,SEC00125,9931.0,169331.47,ABOR,USD
POS0000056,2026-05-15,CL242,PORT-025,SEC00025,55105.0,154547.89,IBOR,USD
POS0000057,2026-05-17,CL393,PORT-005,SEC00010,61132.0,356459.35,ABOR,CAD
POS0000058,2026-05-15,CL117,PORT-067,SEC00249,90918.0,567574.68,ABOR,USD
POS0000059,2026-05-19,CL666,PORT-067,SEC00140,20688.0,125632.97,IBOR,INR
POS0000060,2026-05-14,CL219,PORT-006,SEC00052,66071.0,268399.48,ABOR,GBP
POS0000061,2026-05-18,CL822,PORT-046,SEC00111,71270.0,197100.72,Custodian,JPY
POS0000062,2026-05-15,CL602,PORT-044,SEC00298,61432.0,198524.43,Custodian,USD
POS0000063,2026-05-14,CL174,PORT-014,SEC00149,27850.0,188774.16,IBOR,EUR
POS0000064,2026-05-16,CL459,PORT-044,SEC00316,26572.0,133272.77,IBOR,INR
POS0000065,2026-05-17,CL226,PORT-065,SEC00051,52138.0,18939.63,Custodian,JPY
POS0000066,2026-05-18,CL981,PORT-026,SEC00039,51984.0,408760.87,ABOR,JPY
POS0000067,2026-05-15,CL632,PORT-058,SEC00180,37692.0,107276.02,Custodian,CAD
POS0000068,2026-05-19,CL827,PORT-077,SEC00218,78416.0,140795.77,IBOR,GBP
POS0000069,2026-05-19,CL436,PORT-036,SEC00314,41183.0,142603.63,Custodian,INR
POS0000070,2026-05-16,CL231,PORT-009,SEC00149,8339.0,101693.43,Custodian,INR
POS0000071,2026-05-19,CL311,PORT-024,SEC00064,45071.0,187990.01,Custodian,GBP
POS0000072,2026-05-18,CL474,PORT-011,SEC00173,60566.0,158484.57,IBOR,EUR
POS0000073,2026-05-16,CL792,PORT-028,SEC00098,57523.0,105881.77,ABOR,GBP
POS0000074,2026-05-18,CL487,PORT-051,SEC00057,57353.0,178007.54,Custodian,CAD
POS0000075,2026-05-14,CL934,PORT-017,SEC00028,82868.0,159559.47,ABOR,EUR
POS0000076,2026-05-14,CL425,PORT-041,SEC00231,25475.0,283992.51,IBOR,JPY
POS0000077,2026-05-19,CL309,PORT-079,SEC00205,40678.0,72821.78,ABOR,USD
POS0000078,2026-05-18,CL545,PORT-021,SEC00053,83991.0,100384.83,IBOR,GBP
POS0000079,2026-05-14,CL199,PORT-070,SEC00178,6718.0,251495.04,IBOR,CAD
POS0000080,2026-05-19,CL702,PORT-025,SEC00283,48819.0,110874.5,IBOR,JPY
POS0000081,2026-05-17,CL190,PORT-049,SEC00261,77036.0,94651.66,ABOR,INR
POS0000082,2026-05-14,CL676,PORT-013,SEC00145,76708.0,114213.57,IBOR,EUR
POS0000083,2026-05-16,CL443,PORT-022,SEC00018,64523.0,153186.71,ABOR,INR
POS0000084,2026-05-18,CL421,PORT-069,SEC00203,65080.0,153536.35,IBOR,CAD
POS0000085,2026-05-19,CL649,PORT-047,SEC00165,27097.0,143490.62,Custodian,CAD
POS0000086,2026-05-17,CL733,PORT-045,SEC00294,80210.0,87803.87,Custodian,GBP
POS0000087,2026-05-16,CL935,PORT-041,SEC00177,23599.0,258821.87,IBOR,INR
POS0000088,2026-05-19,CL360,PORT-020,SEC00236,24911.0,360674.75,Custodian,CAD
POS0000089,2026-05-16,CL829,PORT-074,SEC00169,58533.0,51727.39,Custodian,INR
POS0000090,2026-05-17,CL851,PORT-032,SEC00173,39154.0,64079.23,IBOR,CAD
POS0000091,2026-05-18,CL995,PORT-001,SEC00101,54547.0,297067.36,Custodian,USD
POS0000092,2026-05-14,CL966,PORT-072,SEC00128,59477.0,417432.36,ABOR,JPY
POS0000093,2026-05-14,CL810,PORT-004,SEC00094,89118.0,45364.84,ABOR,INR
POS0000094,2026-05-15,CL364,PORT-071,SEC00147,59542.0,265471.27,ABOR,INR
POS0000095,2026-05-16,CL724,PORT-022,SEC00304,36392.0,434837.61,IBOR,USD
POS0000096,2026-05-17,CL805,PORT-006,SEC00109,64883.0,97008.38,Custodian,JPY
POS0000097,2026-05-19,CL362,PORT-018,SEC00148,31701.0,419912.11,ABOR,USD
POS0000098,2026-05-18,CL831,PORT-052,SEC00302,70089.0,146269.11,IBOR,USD
POS0000099,2026-05-19,CL731,PORT-044,SEC00048,51422.0,196571.65,IBOR,USD
POS0000100,2026-05-17,CL541,PORT-013,SEC00080,58812.0,105710.55,IBOR,CAD
POS0000101,2026-05-17,CL874,PORT-024,SEC00157,10826.0,296741.63,Custodian,EUR
POS0000102,2026-05-16,CL178,PORT-017,SEC00130,484.0,268517.47,IBOR,GBP
POS0000103,2026-05-17,CL714,PORT-052,SEC00109,16969.0,458092.14,IBOR,EUR
POS0000104,2026-05-18,CL806,PORT-069,SEC00249,88407.0,386298.02,ABOR,CAD
POS0000105,2026-05-15,CL136,PORT-021,SEC00159,24741.0,161863.71,IBOR,CAD
POS0000106,2026-05-19,CL466,PORT-071,SEC00116,66111.0,1050763.05,ABOR,JPY
POS0000107,2026-05-19,CL564,PORT-033,SEC00153,35878.0,366031.83,ABOR,INR
POS0000108,2026-05-15,CL287,PORT-007,SEC00283,44719.0,225102.16,Custodian,USD
POS0000109,2026-05-16,CL890,PORT-026,SEC00314,49016.0,89474.36,Custodian,CAD
POS0000110,2026-05-14,CL663,PORT-070,SEC00077,86163.0,64989.46,IBOR,GBP
POS0000111,2026-05-15,CL347,PORT-064,SEC00012,62859.0,68390.1,ABOR,GBP
POS0000112,2026-05-14,CL492,PORT-058,SEC00010,58471.0,92948.49,IBOR,EUR
POS0000113,2026-05-16,CL200,PORT-032,SEC00142,78527.0,371900.49,Custodian,CAD
POS0000114,2026-05-14,CL178,PORT-062,SEC00201,36070.0,218000.66,IBOR,EUR
POS0000115,2026-05-18,CL771,PORT-057,SEC00016,73504.0,112642.69,ABOR,CAD
POS0000116,2026-05-16,CL984,PORT-063,SEC00162,69829.0,150013.2,Custodian,INR
POS0000117,2026-05-14,CL348,PORT-045,SEC00127,69578.0,139434.77,IBOR,INR
POS0000118,2026-05-15,CL319,PORT-041,SEC00298,46590.0,263031.85,IBOR,USD
POS0000119,2026-05-17,CL714,PORT-077,SEC00193,40379.0,96059.33,IBOR,INR
POS0000120,2026-05-14,CL559,PORT-075,SEC00135,30864.0,200749.24,Custodian,CAD
POS0000121,2026-05-18,CL225,PORT-043,SEC00187,32242.0,194862.89,ABOR,GBP
POS0000122,2026-05-19,CL699,PORT-016,SEC00043,29826.0,97799.94,ABOR,GBP
POS0000123,2026-05-15,CL288,PORT-033,SEC00152,58071.0,422018.16,IBOR,USD
POS0000124,2026-05-17,CL203,PORT-040,SEC00105,44977.0,136305.95,IBOR,GBP
POS0000125,2026-05-19,CL517,PORT-054,SEC00057,59491.0,89711.11,IBOR,INR
POS0000126,2026-05-18,CL764,PORT-026,SEC00125,60733.0,271502.87,Custodian,EUR
POS0000127,2026-05-19,CL568,PORT-004,SEC00204,26685.0,168164.4,Custodian,INR
POS0000128,2026-05-14,CL682,PORT-065,SEC00186,26025.0,207950.84,ABOR,USD
POS0000129,2026-05-14,CL313,PORT-075,SEC00308,44969.0,79952.83,Custodian,INR
POS0000130,2026-05-14,CL543,PORT-007,SEC00087,32947.0,264990.63,ABOR,JPY
POS0000131,2026-05-18,CL740,PORT-026,SEC00223,30631.0,599263.7,IBOR,EUR
POS0000132,2026-05-15,CL574,PORT-035,SEC00176,87305.0,76290.2,IBOR,GBP
POS0000133,2026-05-16,CL315,PORT-061,SEC00279,16266.0,201294.7,Custodian,EUR
POS0000134,2026-05-18,CL958,PORT-062,SEC00290,94507.0,101601.56,ABOR,JPY
POS0000135,2026-05-15,CL160,PORT-028,SEC00226,56355.0,817301.74,IBOR,JPY
POS0000136,2026-05-14,CL918,PORT-025,SEC00135,71697.0,342415.26,ABOR,JPY
POS0000137,2026-05-17,CL751,PORT-033,SEC00170,69103.0,192772.19,ABOR,EUR
POS0000138,2026-05-19,CL200,PORT-019,SEC00208,63573.0,77907.66,Custodian,EUR
POS0000139,2026-05-14,CL329,PORT-035,SEC00257,86560.0,90072.16,ABOR,INR
POS0000140,2026-05-18,CL431,PORT-021,SEC00073,26187.0,254680.4,IBOR,GBP
POS0000141,2026-05-18,CL960,PORT-005,SEC00279,46560.0,71862.13,Custodian,GBP
POS0000142,2026-05-16,CL564,PORT-057,SEC00256,31237.0,73227.89,IBOR,EUR
POS0000143,2026-05-15,CL332,PORT-063,SEC00028,12686.0,163619.48,IBOR,CAD
POS0000144,2026-05-15,CL927,PORT-023,SEC00086,35453.0,176318.98,IBOR,EUR
POS0000145,2026-05-14,CL206,PORT-032,SEC00075,91196.0,204437.76,Custodian,INR
POS0000146,2026-05-14,CL834,PORT-032,SEC00185,46184.0,125026.98,ABOR,INR
POS0000147,2026-05-19,CL846,PORT-002,SEC00066,93637.0,282684.84,Custodian,EUR
POS0000148,2026-05-18,CL447,PORT-044,SEC00096,95888.0,97043.17,IBOR,USD
POS0000149,2026-05-15,CL138,PORT-037,SEC00060,115893.0,237040.58,ABOR,EUR
POS0000150,2026-05-17,CL896,PORT-075,SEC00021,91921.0,185066.85,Custodian,EUR
POS0000151,2026-05-15,CL969,PORT-030,SEC00146,101879.0,233372.1,IBOR,INR
POS0000152,2026-05-17,CL439,PORT-063,SEC00102,57154.0,330776.71,IBOR,JPY
POS0000153,2026-05-17,CL266,PORT-031,SEC00161,55023.0,123846.8,ABOR,GBP
POS0000154,2026-05-19,CL343,PORT-015,SEC00067,56486.0,109464.27,ABOR,GBP
POS0000155,2026-05-16,CL222,PORT-028,SEC00091,50001.0,59098.67,ABOR,CAD
POS0000156,2026-05-14,CL648,PORT-070,SEC00285,53293.0,48465.08,IBOR,CAD
POS0000157,2026-05-15,CL566,PORT-021,SEC00257,66548.0,146446.51,IBOR,USD
POS0000158,2026-05-17,CL419,PORT-067,SEC00085,39752.0,152586.4,Custodian,CAD
POS0000159,2026-05-15,CL684,PORT-053,SEC00051,19692.0,84825.38,ABOR,GBP
POS0000160,2026-05-18,CL659,PORT-059,SEC00311,58000.0,96504.04,Custodian,INR
POS0000161,2026-05-16,CL110,PORT-060,SEC00217,34758.0,405985.33,IBOR,CAD
POS0000162,2026-05-17,CL468,PORT-041,SEC00157,37036.0,275268.94,ABOR,JPY
POS0000163,2026-05-14,CL876,PORT-048,SEC00223,46859.0,76346.38,ABOR,JPY
POS0000164,2026-05-15,CL815,PORT-006,SEC00070,41813.0,124815.41,Custodian,GBP
POS0000165,2026-05-19,CL868,PORT-056,SEC00137,74421.0,207648.41,ABOR,USD
POS0000166,2026-05-14,CL957,PORT-057,SEC00125,46332.0,111762.28,IBOR,USD
POS0000167,2026-05-15,CL155,PORT-009,SEC00230,75530.0,100185.91,IBOR,GBP
POS0000168,2026-05-18,CL343,PORT-041,SEC00058,54532.0,132860.17,Custodian,INR
POS0000169,2026-05-18,CL512,PORT-041,SEC00156,48052.0,313137.14,ABOR,GBP
POS0000170,2026-05-18,CL558,PORT-025,SEC00266,53481.0,330658.3,IBOR,GBP
POS0000171,2026-05-18,CL806,PORT-006,SEC00062,21584.0,104687.18,Custodian,JPY
POS0000172,2026-05-14,CL751,PORT-001,SEC00038,57438.0,214556.99,Custodian,EUR
POS0000173,2026-05-14,CL734,PORT-017,SEC00262,68682.0,162129.87,ABOR,GBP
POS0000174,2026-05-16,CL242,PORT-019,SEC00279,71799.0,88881.45,Custodian,JPY
POS0000175,2026-05-17,CL709,PORT-017,SEC00137,20252.0,136183.06,IBOR,CAD
POS0000176,2026-05-17,CL815,PORT-048,SEC00014,16582.0,76226.12,ABOR,INR
POS0000177,2026-05-14,CL776,PORT-034,SEC00173,38190.0,327038.49,ABOR,INR
POS0000178,2026-05-18,CL624,PORT-009,SEC00095,80463.0,413115.8,Custodian,JPY
POS0000179,2026-05-15,CL179,PORT-007,SEC00187,54861.0,127217.84,Custodian,INR
POS0000180,2026-05-14,CL234,PORT-052,SEC00044,32957.0,110255.14,Custodian,USD
POS0000181,2026-05-14,CL768,PORT-074,SEC00257,18035.0,306433.69,ABOR,USD
POS0000182,2026-05-15,CL880,PORT-065,SEC00219,34952.0,337624.42,IBOR,CAD
POS0000183,2026-05-14,CL841,PORT-060,SEC00206,33466.0,83395.79,ABOR,JPY
POS0000184,2026-05-18,CL483,PORT-026,SEC00163,70584.0,148921.29,Custodian,USD
POS0000185,2026-05-14,CL627,PORT-056,SEC00070,72276.0,157099.87,ABOR,GBP
POS0000186,2026-05-19,CL258,PORT-007,SEC00300,26902.0,102491.41,Custodian,CAD
POS0000187,2026-05-19,CL632,PORT-014,SEC00085,66570.0,205168.94,Custodian,USD
POS0000188,2026-05-18,CL275,PORT-012,SEC00117,64317.0,106941.03,IBOR,GBP
POS0000189,2026-05-16,CL814,PORT-015,SEC00296,24047.0,117694.03,IBOR,CAD
POS0000190,2026-05-18,CL806,PORT-029,SEC00013,48156.0,153153.25,IBOR,CAD
POS0000191,2026-05-16,CL145,PORT-004,SEC00040,57498.0,66606.85,Custodian,GBP
POS0000192,2026-05-19,CL941,PORT-065,SEC00243,53591.0,47388.18,IBOR,CAD
POS0000193,2026-05-15,CL815,PORT-057,SEC00117,12368.0,282367.14,IBOR,INR
POS0000194,2026-05-18,CL440,PORT-051,SEC00185,52886.0,104381.33,ABOR,GBP
POS0000195,2026-05-16,CL505,PORT-014,SEC00185,63998.0,585908.23,ABOR,INR
POS0000196,2026-05-19,CL170,PORT-069,SEC00264,84751.0,531310.97,IBOR,INR
POS0000197,2026-05-14,CL941,PORT-001,SEC00198,35287.0,120103.94,ABOR,EUR
POS0000198,2026-05-17,CL190,PORT-079,SEC00136,38000.0,662272.11,IBOR,USD
POS0000199,2026-05-16,CL929,PORT-058,SEC00175,45405.0,285656.33,IBOR,INR
POS0000200,2026-05-17,CL688,PORT-017,SEC00236,56407.0,110504.52,ABOR,USD
POS0000201,2026-05-16,CL925,PORT-016,SEC00121,52134.0,34575.35,IBOR,INR
POS0000202,2026-05-17,CL433,PORT-055,SEC00054,63295.0,245952.35,IBOR,GBP
POS0000203,2026-05-19,CL905,PORT-064,SEC00155,25246.0,165839.8,IBOR,INR
POS0000204,2026-05-15,CL483,PORT-037,SEC00319,58731.0,210832.01,ABOR,JPY
POS0000205,2026-05-16,CL414,PORT-005,SEC00035,33671.0,141874.52,ABOR,USD
POS0000206,2026-05-18,CL403,PORT-039,SEC00055,46847.0,81935.35,IBOR,USD
POS0000207,2026-05-19,CL955,PORT-038,SEC00318,87576.0,125968.1,Custodian,JPY
POS0000208,2026-05-14,CL518,PORT-026,SEC00265,19239.0,248694.96,IBOR,JPY
POS0000209,2026-05-18,CL530,PORT-072,SEC00037,43852.0,131580.59,IBOR,USD
POS0000210,2026-05-14,CL678,PORT-028,SEC00067,21958.0,131104.41,ABOR,CAD
POS0000211,2026-05-15,CL599,PORT-020,SEC00221,53367.0,65405.9,ABOR,EUR
POS0000212,2026-05-14,CL586,PORT-054,SEC00250,73061.0,171908.96,Custodian,CAD
POS0000213,2026-05-16,CL440,PORT-049,SEC00234,53732.0,83519.95,ABOR,USD
POS0000214,2026-05-18,CL247,PORT-050,SEC00275,47432.0,282410.15,ABOR,EUR
POS0000215,2026-05-19,CL994,PORT-040,SEC00162,79225.0,104771.75,ABOR,JPY
POS0000216,2026-05-18,CL541,PORT-026,SEC00280,57271.0,136295.08,IBOR,JPY
POS0000217,2026-05-17,CL974,PORT-021,SEC00190,68030.0,596234.99,Custodian,JPY
POS0000218,2026-05-16,CL514,PORT-010,SEC00152,65736.0,135409.05,IBOR,EUR
POS0000219,2026-05-14,CL638,PORT-015,SEC00203,-13277.0,124948.27,ABOR,EUR
POS0000220,2026-05-19,CL590,PORT-046,SEC00137,48313.0,231277.41,IBOR,EUR
POS0000221,2026-05-16,CL968,PORT-033,SEC00194,26282.0,55761.72,ABOR,GBP
POS0000222,2026-05-19,CL199,PORT-059,SEC00266,31755.0,344719.25,Custodian,CAD
POS0000223,2026-05-17,CL565,PORT-064,SEC00306,82441.0,295482.24,ABOR,GBP
POS0000224,2026-05-19,CL238,PORT-045,SEC00185,41754.0,222942.92,Custodian,CAD
POS0000225,2026-05-17,CL880,PORT-009,SEC00001,91637.0,21455.61,ABOR,EUR
POS0000226,2026-05-16,CL576,PORT-001,SEC00198,19031.0,139295.52,ABOR,EUR
POS0000227,2026-05-15,CL929,PORT-019,SEC00080,26159.0,75832.35,ABOR,USD
POS0000228,2026-05-15,CL347,PORT-023,SEC00075,66772.0,319484.51,IBOR,EUR
POS0000229,2026-05-16,CL246,PORT-006,SEC00281,42490.0,306060.06,IBOR,EUR
POS0000230,2026-05-18,CL665,PORT-062,SEC00142,56761.0,205418.77,ABOR,GBP
POS0000231,2026-05-14,CL231,PORT-029,SEC00252,47529.0,79073.52,Custodian,INR
POS0000232,2026-05-14,CL435,PORT-059,SEC00118,46863.0,398944.08,Custodian,GBP
POS0000233,2026-05-14,CL382,PORT-017,SEC00194,43307.0,139057.57,Custodian,INR
POS0000234,2026-05-15,CL298,PORT-001,SEC00212,53949.0,480807.68,Custodian,USD
POS0000235,2026-05-15,CL217,PORT-011,SEC00285,64116.0,190847.94,IBOR,CAD
POS0000236,2026-05-19,CL690,PORT-038,SEC00062,85517.0,220595.24,IBOR,USD
POS0000237,2026-05-16,CL781,PORT-038,SEC00179,45545.0,123477.89,IBOR,USD
POS0000238,2026-05-17,CL454,PORT-035,SEC00129,41340.0,378576.46,Custodian,GBP
POS0000239,2026-05-18,CL352,PORT-076,SEC00148,38506.0,234464.7,IBOR,JPY
POS0000240,2026-05-19,CL241,PORT-052,SEC00271,82335.0,386827.84,IBOR,EUR
POS0000241,2026-05-18,CL708,PORT-058,SEC00043,65187.0,181049.31,Custodian,USD
POS0000242,2026-05-14,CL827,PORT-010,SEC00174,8221.0,158225.55,ABOR,CAD
POS0000243,2026-05-14,CL592,PORT-037,SEC00124,7251.0,232600.6,ABOR,INR
POS0000244,2026-05-15,CL488,PORT-050,SEC00286,31739.0,386746.34,ABOR,INR
POS0000245,2026-05-19,CL682,PORT-047,SEC00069,55063.0,299551.19,Custodian,EUR
POS0000246,2026-05-15,CL922,PORT-075,SEC00074,49264.0,176828.26,IBOR,JPY
POS0000247,2026-05-19,CL989,PORT-038,SEC00029,61325.0,53405.49,ABOR,INR
POS0000248,2026-05-15,CL273,PORT-030,SEC00140,46140.0,264668.04,IBOR,GBP
POS0000249,2026-05-19,CL528,PORT-075,SEC00003,80743.0,68650.05,Custodian,EUR
POS0000250,2026-05-18,CL887,PORT-027,SEC00160,66986.0,166209.36,IBOR,INR
POS0000251,2026-05-19,CL668,PORT-046,SEC00071,51707.0,151833.57,Custodian,CAD
POS0000252,2026-05-14,CL833,PORT-003,SEC00128,75197.0,69517.86,IBOR,USD
POS0000253,2026-05-16,CL995,PORT-014,SEC00193,13724.0,203516.4,IBOR,INR
POS0000254,2026-05-14,CL193,PORT-005,SEC00219,48128.0,592787.13,ABOR,CAD
POS0000255,2026-05-19,CL650,PORT-034,SEC00019,53025.0,134919.92,ABOR,JPY
POS0000256,2026-05-15,CL577,PORT-074,SEC00047,63245.0,257693.92,IBOR,USD
POS0000257,2026-05-17,CL355,PORT-006,SEC00101,12266.0,668916.09,IBOR,INR
POS0000258,2026-05-17,CL687,PORT-078,SEC00166,44271.0,273093.07,Custodian,CAD
POS0000259,2026-05-14,CL193,PORT-069,SEC00282,58810.0,110535.72,ABOR,EUR
POS0000260,2026-05-19,CL545,PORT-001,SEC00044,60498.0,187626.56,Custodian,USD
POS0000261,2026-05-14,CL472,PORT-002,SEC00021,76095.0,217177.03,ABOR,EUR
POS0000262,2026-05-19,CL450,PORT-072,SEC00201,66753.0,384726.46,ABOR,INR
POS0000263,2026-05-17,CL652,PORT-047,SEC00313,48661.0,337199.56,ABOR,JPY
POS0000264,2026-05-19,CL948,PORT-014,SEC00265,64849.0,30886.36,ABOR,USD
POS0000265,2026-05-16,CL951,PORT-076,SEC00180,45570.0,97370.37,Custodian,JPY
POS0000266,2026-05-16,CL730,PORT-045,SEC00006,53229.0,156058.15,ABOR,INR
POS0000267,2026-05-16,CL397,PORT-051,SEC00184,67486.0,88506.19,IBOR,EUR
POS0000268,2026-05-15,CL968,PORT-054,SEC00146,49003.0,17675.68,IBOR,JPY
POS0000269,2026-05-15,CL997,PORT-016,SEC00143,57964.0,105306.34,ABOR,EUR
POS0000270,2026-05-14,CL860,PORT-029,SEC00157,71149.0,162402.59,IBOR,USD
POS0000271,2026-05-17,CL884,PORT-011,SEC00179,65668.0,118756.35,IBOR,GBP
POS0000272,2026-05-18,CL834,PORT-042,SEC00230,77136.0,89485.69,Custodian,INR
POS0000273,2026-05-19,CL783,PORT-078,SEC00061,101226.0,166854.72,Custodian,INR
POS0000274,2026-05-18,CL752,PORT-050,SEC00023,65464.0,199956.06,ABOR,USD
POS0000275,2026-05-16,CL673,PORT-055,SEC00016,39852.0,122865.03,IBOR,EUR
POS0000276,2026-05-19,CL680,PORT-016,SEC00129,61260.0,370662.16,Custodian,JPY
POS0000277,2026-05-14,CL450,PORT-043,SEC00162,60314.0,168489.49,ABOR,EUR
POS0000278,2026-05-14,CL897,PORT-079,SEC00251,63497.0,96480.08,ABOR,EUR
POS0000279,2026-05-19,CL670,PORT-007,SEC00138,82890.0,82890.65,Custodian,GBP
POS0000280,2026-05-15,CL651,PORT-017,SEC00170,12950.0,143231.59,Custodian,INR
POS0000281,2026-05-16,CL766,PORT-057,SEC00312,83304.0,317442.63,Custodian,JPY
POS0000282,2026-05-17,CL167,PORT-001,SEC00239,90709.0,99288.67,Custodian,CAD
POS0000283,2026-05-15,CL926,PORT-017,SEC00221,62498.0,232705.2,ABOR,USD
POS0000284,2026-05-16,CL623,PORT-075,SEC00116,63027.0,172255.5,Custodian,GBP
POS0000285,2026-05-18,CL949,PORT-002,SEC00048,44684.0,538175.39,ABOR,JPY
POS0000286,2026-05-16,CL192,PORT-034,SEC00294,50139.0,205695.23,IBOR,INR
POS0000287,2026-05-19,CL310,PORT-027,SEC00177,65355.0,107051.39,Custodian,JPY
POS0000288,2026-05-18,CL953,PORT-032,SEC00024,63938.0,253171.33,ABOR,CAD
POS0000289,2026-05-14,CL722,PORT-021,SEC00154,65856.0,258335.19,Custodian,CAD
POS0000290,2026-05-18,CL681,PORT-022,SEC00029,63787.0,128257.26,ABOR,INR
POS0000291,2026-05-16,CL463,PORT-061,SEC00314,69765.0,80951.26,Custodian,GBP
POS0000292,2026-05-18,CL599,PORT-003,SEC00169,67306.0,224497.78,IBOR,EUR
POS0000293,2026-05-17,CL591,PORT-011,SEC00251,27464.0,169076.93,Custodian,JPY
POS0000294,2026-05-18,CL277,PORT-021,SEC00150,68310.0,65517.33,IBOR,GBP
POS0000295,2026-05-16,CL609,PORT-066,SEC00006,90889.0,189607.72,ABOR,USD
POS0000296,2026-05-16,CL563,PORT-032,SEC00204,49414.0,111057.6,ABOR,EUR
POS0000297,2026-05-16,CL381,PORT-003,SEC00208,82989.0,65554.61,Custodian,CAD
POS0000298,2026-05-18,CL407,PORT-042,SEC00073,29820.0,131759.06,Custodian,GBP
POS0000299,2026-05-16,CL790,PORT-050,SEC00229,49345.0,351424.88,Custodian,CAD
POS0000300,2026-05-15,CL707,PORT-037,SEC00072,35895.0,335990.08,ABOR,EUR
POS0000301,2026-05-15,CL522,PORT-008,SEC00221,80343.0,287233.65,IBOR,CAD
POS0000302,2026-05-16,CL643,PORT-070,SEC00239,86090.0,191288.82,ABOR,INR
POS0000303,2026-05-18,CL316,PORT-068,SEC00043,47818.0,232693.71,IBOR,GBP
POS0000304,2026-05-16,CL548,PORT-072,SEC00093,75763.0,172678.5,IBOR,JPY
POS0000305,2026-05-16,CL605,PORT-077,SEC00052,86314.0,83865.49,Custodian,CAD
POS0000306,2026-05-14,CL327,PORT-026,SEC00232,49276.0,94532.49,Custodian,JPY
POS0000307,2026-05-17,CL252,PORT-034,SEC00075,52855.0,113061.98,ABOR,CAD
POS0000308,2026-05-18,CL572,PORT-076,SEC00205,66140.0,377307.37,Custodian,USD
POS0000309,2026-05-15,CL945,PORT-036,SEC00133,31464.0,310523.37,IBOR,USD
POS0000310,2026-05-16,CL515,PORT-069,SEC00026,52422.0,85141.81,IBOR,USD
POS0000311,2026-05-17,CL910,PORT-052,SEC00282,97141.0,168053.0,IBOR,EUR
POS0000312,2026-05-19,CL865,PORT-074,SEC00227,39000.0,127827.34,ABOR,INR
POS0000313,2026-05-15,CL769,PORT-001,SEC00083,68784.0,148292.16,ABOR,CAD
POS0000314,2026-05-15,CL904,PORT-056,SEC00281,61524.0,117992.26,IBOR,JPY
POS0000315,2026-05-14,CL469,PORT-064,SEC00226,46397.0,378289.47,ABOR,GBP
POS0000316,2026-05-16,CL782,PORT-016,SEC00261,54876.0,160918.95,IBOR,CAD
POS0000317,2026-05-16,CL230,PORT-059,SEC00056,88558.0,185293.08,Custodian,JPY
POS0000318,2026-05-18,CL387,PORT-016,SEC00002,62179.0,186195.96,IBOR,JPY
POS0000319,2026-05-17,CL609,PORT-072,SEC00019,65616.0,87845.77,ABOR,USD
POS0000320,2026-05-19,CL134,PORT-072,SEC00172,85219.0,173708.21,ABOR,EUR
POS0000321,2026-05-16,CL787,PORT-001,SEC00251,43633.0,307856.82,IBOR,INR
POS0000322,2026-05-15,CL931,PORT-041,SEC00292,26968.0,393806.36,Custodian,INR
POS0000323,2026-05-15,CL194,PORT-031,SEC00307,88904.0,81741.0,ABOR,GBP
POS0000324,2026-05-16,CL991,PORT-071,SEC00191,53003.0,65436.75,Custodian,INR
POS0000325,2026-05-15,CL179,PORT-026,SEC00202,69659.0,168936.93,ABOR,INR
POS0000326,2026-05-16,CL214,PORT-057,SEC00092,33229.0,316637.4,ABOR,USD
POS0000327,2026-05-15,CL785,PORT-010,SEC00000,58548.0,201946.46,ABOR,CAD
POS0000328,2026-05-17,CL716,PORT-017,SEC00062,25867.0,244795.3,Custodian,INR
POS0000329,2026-05-16,CL941,PORT-078,SEC00017,51402.0,71958.91,IBOR,EUR
POS0000330,2026-05-16,CL482,PORT-031,SEC00219,35746.0,115474.79,Custodian,EUR
POS0000331,2026-05-16,CL614,PORT-061,SEC00160,30692.0,43579.09,Custodian,CAD
POS0000332,2026-05-16,CL233,PORT-077,SEC00246,43331.0,149418.62,IBOR,EUR
POS0000333,2026-05-15,CL721,PORT-077,SEC00047,-455.0,44421.03,ABOR,USD
POS0000334,2026-05-18,CL997,PORT-002,SEC00292,24482.0,362071.51,Custodian,USD
POS0000335,2026-05-18,CL636,PORT-019,SEC00230,67213.0,413698.56,Custodian,EUR
POS0000336,2026-05-16,CL938,PORT-057,SEC00289,57649.0,177085.17,ABOR,JPY
POS0000337,2026-05-16,CL453,PORT-074,SEC00207,26368.0,65673.85,ABOR,GBP
POS0000338,2026-05-16,CL983,PORT-078,SEC00108,62053.0,203908.69,ABOR,INR
POS0000339,2026-05-18,CL582,PORT-057,SEC00200,30679.0,496569.9,ABOR,EUR
POS0000340,2026-05-15,CL229,PORT-009,SEC00193,65883.0,216520.67,ABOR,EUR
POS0000341,2026-05-16,CL425,PORT-059,SEC00057,47456.0,331369.85,ABOR,GBP
POS0000342,2026-05-17,CL542,PORT-022,SEC00032,42847.0,121649.69,ABOR,INR
POS0000343,2026-05-14,CL160,PORT-064,SEC00208,47997.0,96497.65,ABOR,JPY
POS0000344,2026-05-17,CL905,PORT-044,SEC00030,106310.0,155979.96,Custodian,INR
POS0000345,2026-05-19,CL315,PORT-015,SEC00032,33306.0,51224.68,IBOR,USD
POS0000346,2026-05-14,CL706,PORT-067,SEC00022,54984.0,633143.98,IBOR,GBP
POS0000347,2026-05-17,CL927,PORT-079,SEC00199,67190.0,176979.65,IBOR,GBP
POS0000348,2026-05-14,CL490,PORT-041,SEC00296,28827.0,273775.52,ABOR,USD
POS0000349,2026-05-16,CL647,PORT-065,SEC00159,14926.0,123388.71,Custodian,EUR
POS0000350,2026-05-18,CL564,PORT-005,SEC00048,36776.0,64482.44,Custodian,EUR
POS0000351,2026-05-17,CL786,PORT-022,SEC00164,66708.0,382884.59,IBOR,GBP
POS0000352,2026-05-14,CL134,PORT-011,SEC00154,42476.0,82912.39,ABOR,USD
POS0000353,2026-05-14,CL423,PORT-023,SEC00189,44916.0,200647.17,ABOR,EUR
POS0000354,2026-05-19,CL649,PORT-030,SEC00138,70037.0,212320.22,Custodian,CAD
POS0000355,2026-05-14,CL182,PORT-035,SEC00170,32260.0,170138.96,IBOR,USD
POS0000356,2026-05-14,CL872,PORT-026,SEC00103,48047.0,101645.8,IBOR,INR
POS0000357,2026-05-16,CL668,PORT-044,SEC00289,16695.0,148779.51,IBOR,JPY
POS0000358,2026-05-18,CL102,PORT-018,SEC00172,57056.0,92039.17,ABOR,USD
POS0000359,2026-05-16,CL110,PORT-028,SEC00099,55049.0,264476.22,IBOR,GBP
POS0000360,2026-05-17,CL243,PORT-067,SEC00000,67502.0,229332.49,ABOR,JPY
POS0000361,2026-05-19,CL696,PORT-045,SEC00217,24804.0,160678.14,ABOR,EUR
POS0000362,2026-05-14,CL565,PORT-003,SEC00121,45778.0,115726.98,IBOR,EUR
POS0000363,2026-05-16,CL533,PORT-026,SEC00079,21874.0,576304.09,IBOR,INR
POS0000364,2026-05-19,CL604,PORT-066,SEC00153,44586.0,74515.44,IBOR,USD
POS0000365,2026-05-17,CL544,PORT-015,SEC00155,82599.0,64423.4,ABOR,CAD
POS0000366,2026-05-14,CL408,PORT-073,SEC00257,42943.0,154940.49,Custodian,EUR
POS0000367,2026-05-17,CL106,PORT-024,SEC00173,19950.0,139409.59,ABOR,GBP
POS0000368,2026-05-17,CL125,PORT-050,SEC00224,35043.0,314440.29,IBOR,USD
POS0000369,2026-05-19,CL719,PORT-038,SEC00207,14559.0,239826.22,Custodian,CAD
POS0000370,2026-05-19,CL768,PORT-050,SEC00271,21493.0,165663.74,ABOR,EUR
POS0000371,2026-05-14,CL315,PORT-063,SEC00001,64762.0,219740.52,Custodian,INR
POS0000372,2026-05-14,CL318,PORT-012,SEC00120,18182.0,217357.65,IBOR,EUR
POS0000373,2026-05-19,CL466,PORT-028,SEC00228,56871.0,575005.01,ABOR,USD
POS0000374,2026-05-16,CL679,PORT-045,SEC00045,50566.0,189476.07,ABOR,GBP
POS0000375,2026-05-15,CL633,PORT-021,SEC00141,38306.0,108158.58,ABOR,JPY
POS0000376,2026-05-14,CL602,PORT-030,SEC00128,55002.0,183340.56,Custodian,GBP
POS0000377,2026-05-16,CL133,PORT-070,SEC00257,29371.0,33819.48,ABOR,CAD
POS0000378,2026-05-14,CL487,PORT-019,SEC00308,68499.0,159597.69,IBOR,JPY
POS0000379,2026-05-19,CL776,PORT-015,SEC00034,34637.0,313573.63,Custodian,INR
POS0000380,2026-05-19,CL630,PORT-047,SEC00068,41500.0,233587.14,ABOR,GBP
POS0000381,2026-05-17,CL825,PORT-008,SEC00247,38882.0,194684.12,Custodian,USD
POS0000382,2026-05-18,CL724,PORT-001,SEC00055,65168.0,240275.99,Custodian,GBP
POS0000383,2026-05-15,CL908,PORT-069,SEC00159,61978.0,315512.61,Custodian,JPY
POS0000384,2026-05-17,CL614,PORT-022,SEC00302,-7677.0,382751.05,IBOR,GBP
POS0000385,2026-05-17,CL611,PORT-010,SEC00312,55593.0,212877.79,ABOR,INR
POS0000386,2026-05-16,CL601,PORT-052,SEC00303,11619.0,134636.41,IBOR,CAD
POS0000387,2026-05-14,CL337,PORT-038,SEC00043,42491.0,40614.76,ABOR,USD
POS0000388,2026-05-19,CL492,PORT-036,SEC00047,47620.0,292700.17,ABOR,USD
POS0000389,2026-05-16,CL251,PORT-035,SEC00056,42255.0,221709.11,ABOR,EUR
POS0000390,2026-05-17,CL486,PORT-012,SEC00246,61018.0,178366.5,Custodian,JPY
POS0000391,2026-05-19,CL234,PORT-068,SEC00057,65842.0,107706.92,Custodian,USD
POS0000392,2026-05-15,CL541,PORT-001,SEC00137,32984.0,290422.26,Custodian,EUR
POS0000393,2026-05-14,CL957,PORT-039,SEC00261,32184.0,139477.44,IBOR,GBP
POS0000394,2026-05-18,CL506,PORT-022,SEC00157,49209.0,159427.85,ABOR,GBP
POS0000395,2026-05-15,CL764,PORT-051,SEC00300,16038.0,157378.16,Custodian,CAD
POS0000396,2026-05-15,CL494,PORT-044,SEC00159,39506.0,213184.02,IBOR,JPY
POS0000397,2026-05-15,CL914,PORT-031,SEC00121,79658.0,81700.94,Custodian,CAD
POS0000398,2026-05-17,CL289,PORT-043,SEC00309,16861.0,228098.11,IBOR,INR
POS0000399,2026-05-18,CL850,PORT-018,SEC00175,42517.0,105605.63,ABOR,GBP
POS0000400,2026-05-19,CL751,PORT-011,SEC00059,36969.0,107852.28,IBOR,CAD
POS0000401,2026-05-19,CL899,PORT-072,SEC00203,94116.0,276825.89,Custodian,CAD
POS0000402,2026-05-18,CL219,PORT-049,SEC00247,38167.0,89588.56,IBOR,GBP
POS0000403,2026-05-16,CL904,PORT-052,SEC00268,39444.0,276527.47,ABOR,CAD
POS0000404,2026-05-19,CL916,PORT-079,SEC00001,27323.0,172960.76,ABOR,EUR
POS0000405,2026-05-15,CL366,PORT-072,SEC00034,50205.0,60538.45,IBOR,EUR
POS0000406,2026-05-16,CL661,PORT-047,SEC00201,55944.0,369049.3,ABOR,INR
POS0000407,2026-05-17,CL627,PORT-063,SEC00237,30512.0,196055.34,IBOR,INR
POS0000408,2026-05-19,CL143,PORT-042,SEC00208,71752.0,206173.95,ABOR,EUR
POS0000409,2026-05-16,CL572,PORT-019,SEC00122,55963.0,297850.03,ABOR,INR
POS0000410,2026-05-15,CL692,PORT-050,SEC00241,68742.0,400125.07,ABOR,JPY
POS0000411,2026-05-17,CL284,PORT-073,SEC00185,42781.0,183618.61,ABOR,JPY
POS0000412,2026-05-15,CL425,PORT-070,SEC00296,55350.0,235713.51,IBOR,CAD
POS0000413,2026-05-18,CL626,PORT-040,SEC00117,45312.0,203355.62,ABOR,USD
POS0000414,2026-05-19,CL935,PORT-075,SEC00241,82069.0,132492.24,IBOR,GBP
POS0000415,2026-05-16,CL154,PORT-016,SEC00046,52558.0,62940.07,IBOR,EUR
POS0000416,2026-05-14,CL941,PORT-004,SEC00234,50193.0,185155.86,IBOR,JPY
POS0000417,2026-05-14,CL833,PORT-032,SEC00234,39919.0,372265.54,Custodian,USD
POS0000418,2026-05-14,CL860,PORT-017,SEC00081,38649.0,230959.99,ABOR,USD
POS0000419,2026-05-19,CL142,PORT-076,SEC00019,55230.0,85780.42,IBOR,INR
POS0000420,2026-05-19,CL610,PORT-010,SEC00317,68031.0,314428.79,IBOR,USD
POS0000421,2026-05-16,CL431,PORT-043,SEC00024,34940.0,135174.0,ABOR,GBP
POS0000422,2026-05-14,CL926,PORT-062,SEC00149,52785.0,46387.46,Custodian,CAD
POS0000423,2026-05-14,CL766,PORT-009,SEC00000,54052.0,299761.46,Custodian,CAD
POS0000424,2026-05-18,CL684,PORT-004,SEC00133,57884.0,92297.43,ABOR,EUR
POS0000425,2026-05-17,CL124,PORT-044,SEC00262,12435.0,473750.94,IBOR,CAD
POS0000426,2026-05-16,CL886,PORT-072,SEC00160,29656.0,324053.54,IBOR,GBP
POS0000427,2026-05-14,CL540,PORT-002,SEC00076,19951.0,141962.81,IBOR,EUR
POS0000428,2026-05-18,CL243,PORT-002,SEC00126,50723.0,214403.69,ABOR,JPY
POS0000429,2026-05-14,CL885,PORT-074,SEC00029,30179.0,696867.9,IBOR,GBP
POS0000430,2026-05-15,CL912,PORT-048,SEC00189,39083.0,296559.82,IBOR,GBP
POS0000431,2026-05-19,CL546,PORT-056,SEC00001,23726.0,187760.03,Custodian,GBP
POS0000432,2026-05-14,CL694,PORT-022,SEC00111,41129.0,921255.23,IBOR,USD
POS0000433,2026-05-16,CL648,PORT-025,SEC00019,25270.0,174651.63,IBOR,EUR
POS0000434,2026-05-14,CL372,PORT-038,SEC00076,66674.0,230749.71,ABOR,EUR
POS0000435,2026-05-18,CL772,PORT-017,SEC00021,60543.0,92806.51,ABOR,CAD
POS0000436,2026-05-14,CL997,PORT-035,SEC00296,53305.0,59585.57,ABOR,GBP
POS0000437,2026-05-19,CL939,PORT-076,SEC00247,43357.0,136942.8,IBOR,JPY
POS0000438,2026-05-19,CL717,PORT-060,SEC00296,5171.0,166549.0,Custodian,GBP
POS0000439,2026-05-17,CL423,PORT-069,SEC00218,39919.0,198304.33,Custodian,CAD
POS0000440,2026-05-16,CL916,PORT-040,SEC00158,33248.0,69434.38,IBOR,INR
POS0000441,2026-05-18,CL933,PORT-063,SEC00055,55440.0,241930.21,ABOR,INR
POS0000442,2026-05-18,CL105,PORT-034,SEC00307,63634.0,98890.52,ABOR,EUR
POS0000443,2026-05-17,CL404,PORT-049,SEC00293,57142.0,234506.98,ABOR,EUR
POS0000444,2026-05-19,CL596,PORT-058,SEC00133,77787.0,285202.83,ABOR,CAD
POS0000445,2026-05-18,CL619,PORT-066,SEC00072,37497.0,128372.89,Custodian,CAD
POS0000446,2026-05-19,CL740,PORT-074,SEC00123,36585.0,91281.98,Custodian,EUR
POS0000447,2026-05-14,CL561,PORT-009,SEC00126,72833.0,410934.7,IBOR,GBP
POS0000448,2026-05-14,CL112,PORT-063,SEC00293,53657.0,274785.83,Custodian,EUR
POS0000449,2026-05-16,CL249,PORT-057,SEC00021,44566.0,178293.4,ABOR,INR
POS0000450,2026-05-15,CL785,PORT-059,SEC00202,90623.0,392800.32,IBOR,CAD
POS0000451,2026-05-19,CL723,PORT-002,SEC00245,62710.0,171092.06,Custodian,CAD
POS0000452,2026-05-19,CL685,PORT-039,SEC00244,45808.0,112161.57,Custodian,CAD
POS0000453,2026-05-17,CL496,PORT-076,SEC00061,34909.0,89230.55,IBOR,GBP
POS0000454,2026-05-14,CL347,PORT-072,SEC00132,79183.0,152561.11,Custodian,EUR
POS0000455,2026-05-17,CL376,PORT-019,SEC00109,54554.0,258598.59,Custodian,CAD
POS0000456,2026-05-15,CL719,PORT-039,SEC00130,50539.0,374690.46,IBOR,GBP
POS0000457,2026-05-17,CL553,PORT-069,SEC00027,64878.0,165066.9,ABOR,EUR
POS0000458,2026-05-18,CL217,PORT-074,SEC00026,69362.0,337012.38,IBOR,CAD
POS0000459,2026-05-15,CL459,PORT-027,SEC00007,62097.0,143119.95,Custodian,GBP
POS0000460,2026-05-17,CL840,PORT-064,SEC00309,69447.0,101828.08,IBOR,USD
POS0000461,2026-05-15,CL638,PORT-066,SEC00133,59930.0,74325.7,ABOR,CAD
POS0000462,2026-05-15,CL878,PORT-012,SEC00072,62208.0,120121.14,IBOR,EUR
POS0000463,2026-05-15,CL557,PORT-003,SEC00255,33904.0,76024.09,IBOR,EUR
POS0000464,2026-05-15,CL536,PORT-004,SEC00158,89828.0,543457.6,ABOR,JPY
POS0000465,2026-05-15,CL953,PORT-012,SEC00116,22859.0,211838.16,Custodian,EUR
POS0000466,2026-05-17,CL556,PORT-059,SEC00036,56806.0,153680.51,IBOR,INR
POS0000467,2026-05-18,CL221,PORT-031,SEC00123,20591.0,457348.54,IBOR,INR
POS0000468,2026-05-16,CL461,PORT-055,SEC00207,47841.0,74506.35,ABOR,JPY
POS0000469,2026-05-18,CL682,PORT-008,SEC00199,37432.0,149898.59,ABOR,EUR
POS0000470,2026-05-19,CL410,PORT-048,SEC00125,52987.0,540259.18,Custodian,GBP
POS0000471,2026-05-17,CL468,PORT-059,SEC00196,57519.0,149279.5,IBOR,EUR
POS0000472,2026-05-16,CL884,PORT-078,SEC00245,28961.0,706506.91,ABOR,CAD
POS0000473,2026-05-16,CL491,PORT-026,SEC00297,49353.0,260761.87,ABOR,INR
POS0000474,2026-05-17,CL374,PORT-044,SEC00169,80661.0,356309.69,ABOR,USD
POS0000475,2026-05-15,CL196,PORT-039,SEC00072,21130.0,362556.97,ABOR,JPY
POS0000476,2026-05-18,CL462,PORT-028,SEC00041,31211.0,162911.35,Custodian,INR
POS0000477,2026-05-16,CL789,PORT-051,SEC00050,68937.0,121427.54,IBOR,JPY
POS0000478,2026-05-18,CL369,PORT-045,SEC00003,51706.0,151863.26,IBOR,USD
POS0000479,2026-05-14,CL523,PORT-066,SEC00178,53325.0,90024.8,Custodian,USD
POS0000480,2026-05-16,CL690,PORT-003,SEC00067,72491.0,156439.13,ABOR,INR
POS0000481,2026-05-16,CL934,PORT-018,SEC00072,32530.0,162325.1,IBOR,JPY
POS0000482,2026-05-17,CL831,PORT-046,SEC00231,38575.0,448444.85,IBOR,JPY
POS0000483,2026-05-15,CL357,PORT-046,SEC00102,35862.0,232341.94,IBOR,EUR
POS0000484,2026-05-17,CL247,PORT-072,SEC00265,42340.0,671702.31,ABOR,EUR
POS0000485,2026-05-15,CL703,PORT-054,SEC00043,79469.0,44545.82,IBOR,GBP
POS0000486,2026-05-19,CL329,PORT-001,SEC00109,12576.0,78415.26,Custodian,JPY
POS0000487,2026-05-15,CL452,PORT-039,SEC00016,23727.0,131504.03,IBOR,GBP
POS0000488,2026-05-14,CL193,PORT-067,SEC00171,19955.0,398513.51,IBOR,CAD
POS0000489,2026-05-18,CL796,PORT-069,SEC00039,80837.0,152398.44,IBOR,EUR
POS0000490,2026-05-18,CL244,PORT-064,SEC00076,36483.0,67460.93,ABOR,GBP
POS0000491,2026-05-14,CL442,PORT-038,SEC00235,42813.0,140494.74,IBOR,EUR
POS0000492,2026-05-17,CL465,PORT-009,SEC00281,14478.0,79335.51,Custodian,USD
POS0000493,2026-05-15,CL138,PORT-017,SEC00174,44228.0,70532.19,ABOR,GBP
POS0000494,2026-05-18,CL797,PORT-067,SEC00308,69063.0,539985.03,Custodian,USD
POS0000495,2026-05-17,CL656,PORT-027,SEC00242,55565.0,131799.18,ABOR,GBP
POS0000496,2026-05-15,CL586,PORT-061,SEC00240,47627.0,180573.24,Custodian,JPY
POS0000497,2026-05-14,CL259,PORT-003,SEC00316,15573.0,153925.84,IBOR,GBP
POS0000498,2026-05-17,CL147,PORT-039,SEC00028,42785.0,139958.7,ABOR,INR
POS0000499,2026-05-19,CL150,PORT-076,SEC00074,53232.0,98282.71,Custodian,EUR
POS0000500,2026-05-17,CL661,PORT-020,SEC00139,28180.0,135079.56,Custodian,GBP
POS0000501,2026-05-16,CL772,PORT-003,SEC00197,64408.0,199255.12,IBOR,CAD
POS0000502,2026-05-14,CL814,PORT-023,SEC00316,69472.0,381238.78,Custodian,EUR
POS0000503,2026-05-14,CL819,PORT-005,SEC00031,38370.0,287351.47,Custodian,JPY
POS0000504,2026-05-15,CL453,PORT-049,SEC00073,65968.0,78320.12,ABOR,INR
POS0000505,2026-05-19,CL101,PORT-016,SEC00095,47586.0,294525.08,ABOR,GBP
POS0000506,2026-05-16,CL320,PORT-020,SEC00214,75237.0,216482.03,ABOR,EUR
POS0000507,2026-05-16,CL807,PORT-047,SEC00304,94751.0,111878.35,ABOR,INR
POS0000508,2026-05-17,CL786,PORT-026,SEC00300,25939.0,181544.9,IBOR,USD
POS0000509,2026-05-14,CL556,PORT-052,SEC00239,66929.0,229434.37,IBOR,EUR
POS0000510,2026-05-14,CL121,PORT-074,SEC00247,78709.0,167415.12,ABOR,GBP
POS0000511,2026-05-18,CL798,PORT-074,SEC00132,28645.0,217107.09,IBOR,EUR
POS0000512,2026-05-14,CL833,PORT-058,SEC00194,37347.0,96977.03,Custodian,JPY
POS0000513,2026-05-14,CL304,PORT-077,SEC00054,37100.0,538045.94,Custodian,JPY
POS0000514,2026-05-15,CL823,PORT-059,SEC00162,47079.0,51145.47,IBOR,CAD
POS0000515,2026-05-17,CL675,PORT-006,SEC00093,42160.0,230201.6,ABOR,JPY
POS0000516,2026-05-15,CL898,PORT-076,SEC00297,45638.0,202816.74,IBOR,JPY
POS0000517,2026-05-16,CL663,PORT-045,SEC00117,68436.0,239370.07,IBOR,INR
POS0000518,2026-05-14,CL180,PORT-001,SEC00126,8292.0,106401.8,Custodian,EUR
POS0000519,2026-05-15,CL681,PORT-050,SEC00128,28574.0,328245.87,ABOR,GBP
POS0000520,2026-05-14,CL196,PORT-020,SEC00288,64738.0,152544.49,ABOR,INR
POS0000521,2026-05-17,CL332,PORT-043,SEC00298,62161.0,79879.22,Custodian,EUR
POS0000522,2026-05-19,CL884,PORT-052,SEC00137,26712.0,84382.37,IBOR,EUR
POS0000523,2026-05-17,CL970,PORT-003,SEC00318,62313.0,175399.77,IBOR,EUR
POS0000524,2026-05-14,CL527,PORT-035,SEC00242,79191.0,62447.85,Custodian,CAD
POS0000525,2026-05-16,CL361,PORT-005,SEC00270,48921.0,479406.23,IBOR,GBP
POS0000526,2026-05-15,CL452,PORT-009,SEC00293,27825.0,305392.39,Custodian,EUR
POS0000527,2026-05-16,CL317,PORT-017,SEC00106,69249.0,487042.46,IBOR,INR
POS0000528,2026-05-16,CL615,PORT-062,SEC00176,87907.0,457189.89,Custodian,CAD
POS0000529,2026-05-19,CL478,PORT-033,SEC00091,30505.0,131775.65,IBOR,USD
POS0000530,2026-05-17,CL152,PORT-004,SEC00099,50864.0,96606.6,ABOR,CAD
POS0000531,2026-05-19,CL648,PORT-060,SEC00148,73983.0,32641.39,Custodian,INR
POS0000532,2026-05-17,CL678,PORT-043,SEC00016,52538.0,127549.46,Custodian,CAD
POS0000533,2026-05-15,CL699,PORT-012,SEC00068,11559.0,469485.04,ABOR,USD
POS0000534,2026-05-15,CL949,PORT-045,SEC00258,59755.0,99041.04,ABOR,USD
POS0000535,2026-05-18,CL732,PORT-020,SEC00053,28466.0,143493.84,ABOR,GBP
POS0000536,2026-05-16,CL707,PORT-051,SEC00199,22044.0,116687.87,Custodian,CAD
POS0000537,2026-05-18,CL290,PORT-075,SEC00245,11990.0,203820.93,Custodian,GBP
POS0000538,2026-05-18,CL517,PORT-025,SEC00084,76189.0,352093.07,ABOR,INR
POS0000539,2026-05-14,CL490,PORT-059,SEC00146,31636.0,64632.56,IBOR,EUR
POS0000540,2026-05-16,CL963,PORT-002,SEC00280,57333.0,72499.46,ABOR,GBP
POS0000541,2026-05-18,CL526,PORT-033,SEC00267,62737.0,397111.36,Custodian,CAD
POS0000542,2026-05-19,CL718,PORT-071,SEC00294,53560.0,252670.14,Custodian,GBP
POS0000543,2026-05-19,CL586,PORT-006,SEC00201,56525.0,139298.12,Custodian,INR
POS0000544,2026-05-17,CL151,PORT-074,SEC00283,58383.0,453272.9,Custodian,JPY
POS0000545,2026-05-19,CL941,PORT-008,SEC00127,53038.0,71752.84,ABOR,EUR
POS0000546,2026-05-16,CL702,PORT-039,SEC00192,33276.0,284568.16,ABOR,CAD
POS0000547,2026-05-17,CL307,PORT-015,SEC00213,31315.0,156225.72,IBOR,CAD
POS0000548,2026-05-16,CL153,PORT-002,SEC00312,47690.0,234198.96,Custodian,INR
POS0000549,2026-05-18,CL942,PORT-028,SEC00117,47224.0,38859.53,Custodian,GBP
POS0000550,2026-05-19,CL376,PORT-046,SEC00279,59445.0,139187.61,Custodian,GBP
POS0000551,2026-05-19,CL115,PORT-058,SEC00162,74236.0,253236.23,ABOR,EUR
POS0000552,2026-05-19,CL653,PORT-025,SEC00033,57566.0,156686.44,ABOR,JPY
POS0000553,2026-05-19,CL114,PORT-039,SEC00209,32161.0,345648.85,IBOR,EUR
POS0000554,2026-05-18,CL293,PORT-015,SEC00313,2015.0,338772.14,ABOR,EUR
POS0000555,2026-05-15,CL903,PORT-058,SEC00145,33083.0,91570.26,ABOR,USD
POS0000556,2026-05-16,CL134,PORT-014,SEC00175,20421.0,266837.62,ABOR,GBP
POS0000557,2026-05-18,CL776,PORT-069,SEC00296,33932.0,89715.82,Custodian,INR
POS0000558,2026-05-14,CL655,PORT-015,SEC00294,55330.0,168115.96,ABOR,INR
POS0000559,2026-05-15,CL375,PORT-053,SEC00128,51857.0,241271.21,ABOR,CAD
POS0000560,2026-05-15,CL356,PORT-027,SEC00243,90880.0,98600.36,IBOR,JPY
POS0000561,2026-05-14,CL526,PORT-079,SEC00201,60628.0,260968.69,IBOR,CAD
POS0000562,2026-05-15,CL579,PORT-023,SEC00207,92002.0,120184.89,ABOR,INR
POS0000563,2026-05-14,CL900,PORT-075,SEC00230,65733.0,114872.89,IBOR,INR
POS0000564,2026-05-18,CL334,PORT-067,SEC00104,73886.0,248697.01,IBOR,JPY
POS0000565,2026-05-14,CL630,PORT-037,SEC00097,42104.0,98559.55,ABOR,USD
POS0000566,2026-05-19,CL717,PORT-040,SEC00008,26361.0,95597.19,ABOR,GBP
POS0000567,2026-05-18,CL111,PORT-028,SEC00274,40123.0,303972.84,Custodian,CAD
POS0000568,2026-05-14,CL905,PORT-034,SEC00088,49739.0,173708.57,ABOR,INR
POS0000569,2026-05-19,CL991,PORT-037,SEC00215,36181.0,68018.04,Custodian,USD
POS0000570,2026-05-16,CL177,PORT-012,SEC00219,27975.0,271953.08,IBOR,USD
POS0000571,2026-05-17,CL335,PORT-026,SEC00225,59170.0,127521.37,Custodian,JPY
POS0000572,2026-05-19,CL806,PORT-070,SEC00276,27881.0,70136.04,ABOR,CAD
POS0000573,2026-05-18,CL827,PORT-078,SEC00277,16263.0,36156.46,ABOR,INR
POS0000574,2026-05-16,CL240,PORT-005,SEC00000,25314.0,279861.07,IBOR,CAD
POS0000575,2026-05-16,CL924,PORT-058,SEC00268,44844.0,97153.66,IBOR,USD
POS0000576,2026-05-15,CL396,PORT-019,SEC00066,28200.0,77164.37,IBOR,CAD
POS0000577,2026-05-19,CL363,PORT-052,SEC00206,44982.0,238862.11,Custodian,USD
POS0000578,2026-05-18,CL421,PORT-050,SEC00215,63210.0,263939.44,IBOR,CAD
POS0000579,2026-05-19,CL703,PORT-070,SEC00017,62638.0,101492.3,ABOR,CAD
POS0000580,2026-05-19,CL285,PORT-056,SEC00090,35462.0,281414.63,Custodian,JPY
POS0000581,2026-05-17,CL588,PORT-066,SEC00291,21313.0,558458.59,IBOR,JPY
POS0000582,2026-05-16,CL167,PORT-064,SEC00045,37336.0,365126.07,Custodian,GBP
POS0000583,2026-05-17,CL232,PORT-052,SEC00074,64424.0,332579.52,Custodian,JPY
POS0000584,2026-05-19,CL790,PORT-033,SEC00026,69562.0,196511.74,ABOR,INR
POS0000585,2026-05-18,CL444,PORT-027,SEC00053,57764.0,124712.84,IBOR,EUR
POS0000586,2026-05-17,CL813,PORT-028,SEC00204,76432.0,157387.84,IBOR,EUR
POS0000587,2026-05-17,CL763,PORT-029,SEC00269,88042.0,212021.92,IBOR,CAD
POS0000588,2026-05-15,CL996,PORT-023,SEC00190,39369.0,76534.19,ABOR,CAD
POS0000589,2026-05-16,CL223,PORT-025,SEC00091,82704.0,102577.19,Custodian,JPY
POS0000590,2026-05-14,CL940,PORT-045,SEC00274,44268.0,69102.76,IBOR,EUR
POS0000591,2026-05-18,CL901,PORT-022,SEC00117,72437.0,187420.86,Custodian,CAD
POS0000592,2026-05-17,CL490,PORT-028,SEC00100,65589.0,171070.73,ABOR,CAD
POS0000593,2026-05-19,CL221,PORT-057,SEC00161,6505.0,110015.31,ABOR,EUR
POS0000594,2026-05-19,CL219,PORT-026,SEC00043,28743.0,266278.9,ABOR,JPY
POS0000595,2026-05-14,CL559,PORT-009,SEC00114,23132.0,86963.15,Custodian,GBP
POS0000596,2026-05-17,CL109,PORT-002,SEC00255,10795.0,107591.74,Custodian,CAD
POS0000597,2026-05-16,CL186,PORT-061,SEC00194,69345.0,259968.54,IBOR,INR
POS0000598,2026-05-18,CL577,PORT-075,SEC00316,95513.0,284159.07,IBOR,GBP
POS0000599,2026-05-19,CL606,PORT-054,SEC00248,44331.0,100968.54,ABOR,CAD
POS0000600,2026-05-14,CL873,PORT-005,SEC00115,68791.0,187067.64,ABOR,JPY
POS0000601,2026-05-16,CL976,PORT-045,SEC00245,82662.0,101998.73,IBOR,GBP
POS0000602,2026-05-15,CL340,PORT-022,SEC00276,54583.0,144581.16,Custodian,CAD
POS0000603,2026-05-16,CL396,PORT-026,SEC00201,49443.0,177424.85,Custodian,GBP
POS0000604,2026-05-17,CL278,PORT-073,SEC00244,44595.0,227799.18,IBOR,GBP
POS0000605,2026-05-17,CL301,PORT-066,SEC00161,61826.0,196916.57,Custodian,GBP
POS0000606,2026-05-15,CL494,PORT-059,SEC00291,69243.0,191740.35,Custodian,EUR
POS0000607,2026-05-18,CL992,PORT-040,SEC00076,60160.0,85212.29,Custodian,EUR
POS0000608,2026-05-17,CL903,PORT-046,SEC00135,59404.0,205451.65,Custodian,USD
POS0000609,2026-05-18,CL920,PORT-073,SEC00081,48874.0,226531.48,IBOR,INR
POS0000610,2026-05-16,CL506,PORT-053,SEC00032,14955.0,246067.39,ABOR,JPY
POS0000611,2026-05-14,CL690,PORT-046,SEC00197,69750.0,105692.36,ABOR,CAD
POS0000612,2026-05-14,CL749,PORT-008,SEC00037,21738.0,281912.32,ABOR,JPY
POS0000613,2026-05-16,CL318,PORT-079,SEC00072,63626.0,73840.24,IBOR,USD
POS0000614,2026-05-18,CL515,PORT-064,SEC00244,66626.0,125681.86,ABOR,JPY
POS0000615,2026-05-14,CL594,PORT-029,SEC00077,24910.0,137955.79,Custodian,EUR
POS0000616,2026-05-18,CL435,PORT-020,SEC00276,36628.0,76309.64,Custodian,USD
POS0000617,2026-05-17,CL525,PORT-077,SEC00015,96672.0,136704.01,ABOR,JPY
POS0000618,2026-05-14,CL496,PORT-076,SEC00146,48251.0,185885.94,ABOR,USD
POS0000619,2026-05-18,CL154,PORT-034,SEC00021,23155.0,54422.7,ABOR,GBP
POS0000620,2026-05-17,CL790,PORT-019,SEC00019,67619.0,128436.12,IBOR,CAD
POS0000621,2026-05-14,CL909,PORT-064,SEC00253,33001.0,57008.72,Custodian,EUR
POS0000622,2026-05-18,CL778,PORT-050,SEC00021,7748.0,554001.83,ABOR,INR
POS0000623,2026-05-16,CL939,PORT-072,SEC00285,61435.0,184886.01,Custodian,GBP
POS0000624,2026-05-19,CL488,PORT-044,SEC00191,29834.0,175518.12,Custodian,USD
POS0000625,2026-05-14,CL150,PORT-044,SEC00154,57066.0,187071.1,ABOR,EUR
POS0000626,2026-05-17,CL340,PORT-012,SEC00293,32121.0,233914.84,Custodian,USD
POS0000627,2026-05-15,CL867,PORT-048,SEC00124,65558.0,292696.91,Custodian,USD
POS0000628,2026-05-16,CL225,PORT-029,SEC00127,54037.0,63695.4,ABOR,USD
POS0000629,2026-05-17,CL591,PORT-017,SEC00131,-6963.0,357219.8,ABOR,CAD
POS0000630,2026-05-17,CL101,PORT-062,SEC00208,58404.0,343689.93,ABOR,INR
POS0000631,2026-05-19,CL391,PORT-028,SEC00271,43626.0,156403.12,Custodian,GBP
POS0000632,2026-05-18,CL201,PORT-017,SEC00173,81168.0,151563.93,Custodian,INR
POS0000633,2026-05-17,CL201,PORT-076,SEC00089,58695.0,25294.53,ABOR,EUR
POS0000634,2026-05-17,CL248,PORT-077,SEC00284,66635.0,77157.6,Custodian,JPY
POS0000635,2026-05-18,CL583,PORT-040,SEC00191,34368.0,222194.76,Custodian,EUR
POS0000636,2026-05-16,CL720,PORT-024,SEC00266,32619.0,334492.75,IBOR,JPY
POS0000637,2026-05-15,CL359,PORT-013,SEC00138,49436.0,252029.68,IBOR,GBP
POS0000638,2026-05-14,CL835,PORT-050,SEC00063,42066.0,155526.43,ABOR,CAD
POS0000639,2026-05-14,CL452,PORT-049,SEC00302,79436.0,516858.09,IBOR,CAD
POS0000640,2026-05-16,CL762,PORT-049,SEC00216,46627.0,297480.91,ABOR,GBP
POS0000641,2026-05-17,CL576,PORT-061,SEC00098,23054.0,128502.57,IBOR,USD
POS0000642,2026-05-16,CL750,PORT-038,SEC00271,31793.0,602755.18,ABOR,EUR
POS0000643,2026-05-19,CL979,PORT-054,SEC00002,71231.0,84313.7,IBOR,EUR
POS0000644,2026-05-15,CL993,PORT-052,SEC00297,46320.0,67298.68,ABOR,GBP
POS0000645,2026-05-16,CL627,PORT-063,SEC00185,45144.0,126416.43,ABOR,JPY
POS0000646,2026-05-19,CL965,PORT-059,SEC00188,73324.0,103240.44,ABOR,CAD
POS0000647,2026-05-17,CL730,PORT-003,SEC00004,29875.0,130749.82,IBOR,USD
POS0000648,2026-05-18,CL341,PORT-049,SEC00056,826.0,262722.71,IBOR,JPY
POS0000649,2026-05-17,CL940,PORT-078,SEC00230,31237.0,159470.19,IBOR,EUR
POS0000650,2026-05-19,CL230,PORT-045,SEC00178,55326.0,161946.6,Custodian,JPY
POS0000651,2026-05-19,CL520,PORT-042,SEC00040,44511.0,168600.77,Custodian,JPY
POS0000652,2026-05-17,CL237,PORT-048,SEC00213,15671.0,40643.93,ABOR,INR
POS0000653,2026-05-18,CL805,PORT-045,SEC00238,72353.0,65568.04,Custodian,JPY
POS0000654,2026-05-14,CL905,PORT-032,SEC00087,53597.0,129160.78,IBOR,EUR
POS0000655,2026-05-18,CL836,PORT-079,SEC00220,58558.0,98149.07,IBOR,CAD
POS0000656,2026-05-18,CL192,PORT-006,SEC00311,59231.0,141623.51,IBOR,GBP
POS0000657,2026-05-14,CL343,PORT-065,SEC00154,21432.0,377934.82,ABOR,GBP
POS0000658,2026-05-14,CL405,PORT-013,SEC00073,56663.0,155644.57,Custodian,JPY
POS0000659,2026-05-19,CL203,PORT-017,SEC00307,69964.0,73621.99,ABOR,EUR
POS0000660,2026-05-19,CL576,PORT-048,SEC00291,75087.0,101127.78,ABOR,CAD
POS0000661,2026-05-19,CL130,PORT-051,SEC00146,65868.0,454223.91,ABOR,USD
POS0000662,2026-05-17,CL651,PORT-074,SEC00136,61289.0,408193.41,ABOR,USD
POS0000663,2026-05-16,CL616,PORT-024,SEC00266,11777.0,232704.91,IBOR,CAD
POS0000664,2026-05-17,CL635,PORT-003,SEC00000,49671.0,63736.34,IBOR,GBP
POS0000665,2026-05-19,CL920,PORT-021,SEC00099,28955.0,195650.07,ABOR,CAD
POS0000666,2026-05-18,CL806,PORT-043,SEC00173,78208.0,204887.9,ABOR,CAD
POS0000667,2026-05-16,CL333,PORT-029,SEC00209,74868.0,165268.07,Custodian,CAD
POS0000668,2026-05-17,CL613,PORT-020,SEC00201,29088.0,115611.81,IBOR,INR
POS0000669,2026-05-19,CL821,PORT-073,SEC00118,48988.0,130930.43,IBOR,INR
POS0000670,2026-05-16,CL865,PORT-045,SEC00278,55467.0,110876.37,Custodian,JPY
POS0000671,2026-05-16,CL678,PORT-054,SEC00207,69817.0,81875.54,Custodian,INR
POS0000672,2026-05-17,CL176,PORT-060,SEC00172,13136.0,369384.25,Custodian,EUR
POS0000673,2026-05-14,CL490,PORT-033,SEC00300,1388.0,276340.28,ABOR,INR
POS0000674,2026-05-14,CL872,PORT-059,SEC00030,50839.0,137179.06,IBOR,EUR
POS0000675,2026-05-19,CL166,PORT-077,SEC00227,-5691.0,201049.61,IBOR,GBP
POS0000676,2026-05-14,CL630,PORT-058,SEC00296,53489.0,205627.29,Custodian,GBP
POS0000677,2026-05-19,CL586,PORT-024,SEC00211,63029.0,663795.99,IBOR,INR
POS0000678,2026-05-17,CL300,PORT-062,SEC00180,77194.0,274729.21,ABOR,EUR
POS0000679,2026-05-14,CL409,PORT-019,SEC00116,36303.0,268568.63,ABOR,EUR
POS0000680,2026-05-14,CL978,PORT-006,SEC00086,53546.0,166506.33,ABOR,INR
POS0000681,2026-05-19,CL635,PORT-036,SEC00174,64333.0,125410.25,Custodian,GBP
POS0000682,2026-05-19,CL944,PORT-041,SEC00287,24134.0,373109.1,IBOR,INR
POS0000683,2026-05-18,CL523,PORT-038,SEC00147,70138.0,240713.64,IBOR,CAD
POS0000684,2026-05-18,CL860,PORT-021,SEC00038,56036.0,98940.59,ABOR,CAD
POS0000685,2026-05-18,CL657,PORT-022,SEC00154,36680.0,213698.18,ABOR,GBP
POS0000686,2026-05-17,CL919,PORT-073,SEC00031,53110.0,268990.58,ABOR,EUR
POS0000687,2026-05-18,CL393,PORT-024,SEC00299,46935.0,46281.68,Custodian,CAD
POS0000688,2026-05-16,CL443,PORT-062,SEC00171,67162.0,93579.62,IBOR,EUR
POS0000689,2026-05-14,CL136,PORT-021,SEC00068,42070.0,202330.73,ABOR,INR
POS0000690,2026-05-16,CL304,PORT-009,SEC00199,54996.0,51293.7,Custodian,INR
POS0000691,2026-05-18,CL224,PORT-005,SEC00172,36340.0,56405.46,IBOR,GBP
POS0000692,2026-05-16,CL264,PORT-020,SEC00163,29367.0,138375.04,Custodian,USD
POS0000693,2026-05-16,CL377,PORT-067,SEC00189,53774.0,218584.2,Custodian,GBP
POS0000694,2026-05-14,CL885,PORT-036,SEC00297,30271.0,224733.43,IBOR,USD
POS0000695,2026-05-14,CL440,PORT-055,SEC00273,67613.0,420600.92,IBOR,GBP
POS0000696,2026-05-18,CL843,PORT-077,SEC00084,63029.0,170989.65,IBOR,GBP
POS0000697,2026-05-14,CL832,PORT-004,SEC00076,33167.0,130145.49,Custodian,JPY
POS0000698,2026-05-15,CL981,PORT-009,SEC00316,54703.0,74279.05,ABOR,EUR
POS0000699,2026-05-19,CL557,PORT-073,SEC00206,33067.0,129213.77,IBOR,CAD
POS0000700,2026-05-16,CL862,PORT-045,SEC00006,14705.0,248828.1,ABOR,USD
POS0000701,2026-05-19,CL477,PORT-049,SEC00169,36861.0,255667.57,ABOR,CAD
POS0000702,2026-05-17,CL668,PORT-027,SEC00037,48893.0,190760.01,IBOR,EUR
POS0000703,2026-05-19,CL829,PORT-066,SEC00009,61471.0,225995.18,Custodian,GBP
POS0000704,2026-05-18,CL227,PORT-052,SEC00059,53289.0,350049.6,Custodian,CAD
POS0000705,2026-05-16,CL151,PORT-021,SEC00081,69969.0,170273.82,ABOR,JPY
POS0000706,2026-05-18,CL248,PORT-052,SEC00025,28414.0,369679.36,Custodian,USD
POS0000707,2026-05-19,CL748,PORT-001,SEC00267,41713.0,105241.39,IBOR,JPY
POS0000708,2026-05-17,CL525,PORT-020,SEC00140,86176.0,155752.79,IBOR,JPY
POS0000709,2026-05-16,CL351,PORT-017,SEC00176,7516.0,121966.3,ABOR,CAD
POS0000710,2026-05-15,CL790,PORT-063,SEC00276,40057.0,261875.13,ABOR,JPY
POS0000711,2026-05-19,CL113,PORT-059,SEC00267,26427.0,88548.82,IBOR,CAD
POS0000712,2026-05-17,CL255,PORT-008,SEC00262,45701.0,134180.44,ABOR,JPY
POS0000713,2026-05-18,CL522,PORT-072,SEC00062,40442.0,53326.79,IBOR,EUR
POS0000714,2026-05-19,CL923,PORT-065,SEC00238,63247.0,232495.38,IBOR,JPY
POS0000715,2026-05-19,CL773,PORT-035,SEC00318,55621.0,343888.98,ABOR,CAD
POS0000716,2026-05-15,CL714,PORT-017,SEC00002,21276.0,281088.48,ABOR,USD
POS0000717,2026-05-14,CL739,PORT-034,SEC00277,37060.0,265024.24,Custodian,GBP
POS0000718,2026-05-16,CL380,PORT-047,SEC00277,49997.0,269315.88,IBOR,USD
POS0000719,2026-05-17,CL502,PORT-050,SEC00269,66266.0,247661.04,ABOR,CAD
POS0000720,2026-05-14,CL896,PORT-028,SEC00126,103525.0,235304.89,Custodian,JPY
POS0000721,2026-05-17,CL755,PORT-009,SEC00063,65462.0,244592.31,IBOR,INR
POS0000722,2026-05-16,CL638,PORT-049,SEC00234,27725.0,109819.21,Custodian,CAD
POS0000723,2026-05-16,CL174,PORT-056,SEC00199,47935.0,144333.8,ABOR,INR
POS0000724,2026-05-16,CL759,PORT-022,SEC00232,53981.0,169760.85,Custodian,GBP
POS0000725,2026-05-17,CL428,PORT-051,SEC00081,38573.0,133062.86,IBOR,CAD
POS0000726,2026-05-17,CL446,PORT-045,SEC00056,60346.0,63590.17,Custodian,GBP
POS0000727,2026-05-18,CL705,PORT-040,SEC00288,30.0,77574.54,ABOR,CAD
POS0000728,2026-05-15,CL453,PORT-001,SEC00164,62169.0,186835.84,Custodian,CAD
POS0000729,2026-05-15,CL615,PORT-025,SEC00272,39519.0,280257.9,IBOR,EUR
POS0000730,2026-05-17,CL111,PORT-030,SEC00296,47586.0,163669.62,ABOR,INR
POS0000731,2026-05-15,CL266,PORT-066,SEC00146,82246.0,855031.1,IBOR,INR
POS0000732,2026-05-19,CL583,PORT-066,SEC00084,22247.0,93727.09,Custodian,INR
POS0000733,2026-05-17,CL960,PORT-070,SEC00286,56000.0,212556.96,ABOR,EUR
POS0000734,2026-05-14,CL783,PORT-037,SEC00228,67466.0,353175.92,Custodian,JPY
POS0000735,2026-05-15,CL475,PORT-026,SEC00213,53747.0,308478.14,IBOR,USD
POS0000736,2026-05-15,CL970,PORT-040,SEC00306,14488.0,241117.61,Custodian,CAD
POS0000737,2026-05-14,CL347,PORT-063,SEC00078,79709.0,309326.42,ABOR,CAD
POS0000738,2026-05-16,CL902,PORT-050,SEC00115,45350.0,168255.11,Custodian,JPY
POS0000739,2026-05-16,CL462,PORT-048,SEC00012,38394.0,441409.83,ABOR,USD
POS0000740,2026-05-17,CL178,PORT-035,SEC00124,43169.0,351475.56,Custodian,JPY
POS0000741,2026-05-15,CL102,PORT-056,SEC00142,41593.0,97602.99,ABOR,GBP
POS0000742,2026-05-15,CL981,PORT-069,SEC00144,23816.0,197390.79,Custodian,INR
POS0000743,2026-05-16,CL677,PORT-053,SEC00048,53629.0,64319.75,Custodian,USD
POS0000744,2026-05-19,CL234,PORT-032,SEC00258,36861.0,405579.99,Custodian,GBP
POS0000745,2026-05-15,CL991,PORT-067,SEC00156,64760.0,186192.97,ABOR,GBP
POS0000746,2026-05-18,CL136,PORT-075,SEC00140,61387.0,365588.52,ABOR,CAD
POS0000747,2026-05-17,CL400,PORT-063,SEC00276,85765.0,152418.53,IBOR,EUR
POS0000748,2026-05-19,CL773,PORT-070,SEC00155,45344.0,53435.98,IBOR,CAD
POS0000749,2026-05-18,CL147,PORT-021,SEC00285,32329.0,792082.26,Custodian,CAD
POS0000750,2026-05-19,CL914,PORT-034,SEC00071,17666.0,176072.85,Custodian,JPY
POS0000751,2026-05-19,CL709,PORT-020,SEC00272,98254.0,89310.54,IBOR,EUR
POS0000752,2026-05-19,CL953,PORT-029,SEC00316,64566.0,323662.75,IBOR,EUR
POS0000753,2026-05-18,CL852,PORT-058,SEC00240,34767.0,552116.51,ABOR,USD
POS0000754,2026-05-15,CL841,PORT-054,SEC00285,87249.0,144139.53,Custodian,INR
POS0000755,2026-05-14,CL304,PORT-001,SEC00236,79836.0,153346.38,Custodian,INR
POS0000756,2026-05-18,CL284,PORT-060,SEC00192,20272.0,187742.71,IBOR,EUR
POS0000757,2026-05-17,CL317,PORT-016,SEC00244,33424.0,83568.14,Custodian,INR
POS0000758,2026-05-15,CL238,PORT-015,SEC00307,47089.0,107538.0,IBOR,JPY
POS0000759,2026-05-15,CL697,PORT-043,SEC00193,26458.0,474091.45,ABOR,INR
POS0000760,2026-05-14,CL153,PORT-020,SEC00219,47875.0,150343.23,ABOR,USD
POS0000761,2026-05-17,CL485,PORT-077,SEC00025,65663.0,98465.92,IBOR,EUR
POS0000762,2026-05-18,CL623,PORT-012,SEC00306,19788.0,124091.55,ABOR,INR
POS0000763,2026-05-19,CL584,PORT-012,SEC00248,56446.0,309803.72,Custodian,GBP
POS0000764,2026-05-15,CL538,PORT-061,SEC00051,75707.0,49734.88,ABOR,CAD
POS0000765,2026-05-19,CL300,PORT-023,SEC00092,58805.0,189622.39,ABOR,CAD
POS0000766,2026-05-17,CL198,PORT-057,SEC00072,48336.0,713067.42,Custodian,USD
POS0000767,2026-05-17,CL988,PORT-054,SEC00102,35302.0,550530.47,ABOR,GBP
POS0000768,2026-05-14,CL517,PORT-015,SEC00283,68279.0,229560.45,IBOR,INR
POS0000769,2026-05-14,CL634,PORT-046,SEC00148,24108.0,358565.12,ABOR,USD
POS0000770,2026-05-17,CL610,PORT-043,SEC00134,55341.0,356502.23,Custodian,CAD
POS0000771,2026-05-16,CL431,PORT-008,SEC00249,50561.0,150917.53,ABOR,USD
POS0000772,2026-05-17,CL749,PORT-061,SEC00118,74763.0,283474.17,ABOR,USD
POS0000773,2026-05-15,CL438,PORT-068,SEC00283,37180.0,475988.9,ABOR,JPY
POS0000774,2026-05-18,CL472,PORT-075,SEC00241,39050.0,76247.71,Custodian,EUR
POS0000775,2026-05-15,CL822,PORT-007,SEC00082,22679.0,230035.87,Custodian,JPY
POS0000776,2026-05-14,CL386,PORT-015,SEC00201,59620.0,202174.26,IBOR,GBP
POS0000777,2026-05-18,CL728,PORT-066,SEC00154,40676.0,173147.43,IBOR,EUR
POS0000778,2026-05-18,CL698,PORT-025,SEC00110,31034.0,164190.07,Custodian,CAD
POS0000779,2026-05-17,CL127,PORT-050,SEC00290,33130.0,187025.82,ABOR,USD
POS0000780,2026-05-15,CL715,PORT-028,SEC00127,61816.0,196681.97,IBOR,GBP
POS0000781,2026-05-16,CL820,PORT-018,SEC00037,25735.0,318433.57,IBOR,EUR
POS0000782,2026-05-18,CL343,PORT-050,SEC00130,27688.0,216621.92,Custodian,USD
POS0000783,2026-05-17,CL922,PORT-017,SEC00165,69720.0,146279.44,ABOR,EUR
POS0000784,2026-05-16,CL117,PORT-011,SEC00040,46345.0,98326.33,IBOR,EUR
POS0000785,2026-05-14,CL261,PORT-042,SEC00237,71020.0,122581.88,Custodian,GBP
POS0000786,2026-05-17,CL950,PORT-016,SEC00073,42094.0,190365.21,ABOR,GBP
POS0000787,2026-05-19,CL869,PORT-016,SEC00029,49975.0,106548.71,Custodian,USD
POS0000788,2026-05-19,CL779,PORT-062,SEC00172,53439.0,287082.89,IBOR,USD
POS0000789,2026-05-19,CL642,PORT-042,SEC00051,80520.0,210666.81,IBOR,USD
POS0000790,2026-05-19,CL280,PORT-043,SEC00250,78729.0,323229.04,Custodian,JPY
POS0000791,2026-05-17,CL539,PORT-012,SEC00021,75371.0,110935.97,ABOR,CAD
POS0000792,2026-05-18,CL608,PORT-013,SEC00134,36166.0,98850.06,Custodian,USD
POS0000793,2026-05-18,CL180,PORT-031,SEC00016,28290.0,321783.53,ABOR,USD
POS0000794,2026-05-15,CL634,PORT-031,SEC00122,66737.0,175953.03,ABOR,INR
POS0000795,2026-05-17,CL180,PORT-036,SEC00298,80289.0,144132.71,Custodian,INR
POS0000796,2026-05-15,CL213,PORT-011,SEC00208,75582.0,247507.53,IBOR,INR
POS0000797,2026-05-16,CL252,PORT-071,SEC00171,50287.0,242042.73,Custodian,EUR
POS0000798,2026-05-18,CL272,PORT-029,SEC00050,66012.0,76614.51,IBOR,CAD
POS0000799,2026-05-14,CL173,PORT-065,SEC00100,66399.0,373542.5,IBOR,JPY
POS0000800,2026-05-17,CL960,PORT-032,SEC00121,53277.0,127230.52,IBOR,USD
POS0000801,2026-05-14,CL821,PORT-038,SEC00185,54232.0,451355.62,ABOR,USD
POS0000802,2026-05-19,CL556,PORT-009,SEC00066,52160.0,73121.0,IBOR,JPY
POS0000803,2026-05-14,CL431,PORT-054,SEC00319,32662.0,196897.65,ABOR,INR
POS0000804,2026-05-15,CL272,PORT-005,SEC00208,34907.0,145601.29,IBOR,INR
POS0000805,2026-05-18,CL953,PORT-060,SEC00099,34567.0,49754.65,IBOR,JPY
POS0000806,2026-05-15,CL817,PORT-070,SEC00035,14817.0,241572.47,Custodian,JPY
POS0000807,2026-05-15,CL776,PORT-029,SEC00190,53143.0,51309.84,Custodian,INR
POS0000808,2026-05-14,CL523,PORT-071,SEC00143,49107.0,136625.64,IBOR,USD
POS0000809,2026-05-18,CL124,PORT-056,SEC00215,66763.0,315705.56,IBOR,GBP
POS0000810,2026-05-14,CL673,PORT-001,SEC00190,77736.0,118418.28,IBOR,USD
POS0000811,2026-05-15,CL538,PORT-017,SEC00204,79134.0,94632.81,ABOR,CAD
POS0000812,2026-05-17,CL367,PORT-051,SEC00266,81206.0,263080.11,Custodian,JPY
POS0000813,2026-05-17,CL383,PORT-056,SEC00168,33344.0,140124.86,IBOR,INR
POS0000814,2026-05-18,CL152,PORT-008,SEC00231,18497.0,127639.37,ABOR,GBP
POS0000815,2026-05-17,CL883,PORT-055,SEC00114,70476.0,349757.55,IBOR,CAD
POS0000816,2026-05-14,CL248,PORT-065,SEC00301,80407.0,80791.96,Custodian,CAD
POS0000817,2026-05-14,CL830,PORT-008,SEC00130,84232.0,123529.55,IBOR,JPY
POS0000818,2026-05-19,CL974,PORT-070,SEC00217,60670.0,273721.98,Custodian,CAD
POS0000819,2026-05-19,CL141,PORT-043,SEC00319,6073.0,77717.18,Custodian,JPY
POS0000820,2026-05-19,CL660,PORT-049,SEC00111,58043.0,472223.8,ABOR,INR
POS0000821,2026-05-16,CL159,PORT-004,SEC00032,62220.0,142898.73,IBOR,EUR
POS0000822,2026-05-18,CL847,PORT-049,SEC00074,77546.0,275052.27,ABOR,CAD
POS0000823,2026-05-15,CL555,PORT-036,SEC00078,81452.0,274707.21,ABOR,EUR
POS0000824,2026-05-15,CL119,PORT-030,SEC00018,70012.0,148542.63,Custodian,INR
POS0000825,2026-05-18,CL794,PORT-062,SEC00174,37080.0,122099.64,ABOR,JPY
POS0000826,2026-05-15,CL788,PORT-020,SEC00088,27359.0,158612.8,ABOR,USD
POS0000827,2026-05-15,CL931,PORT-005,SEC00031,61747.0,249598.91,Custodian,INR
POS0000828,2026-05-14,CL535,PORT-040,SEC00043,32567.0,90052.23,Custodian,USD
POS0000829,2026-05-15,CL938,PORT-059,SEC00087,82453.0,79066.52,ABOR,JPY
POS0000830,2026-05-17,CL698,PORT-011,SEC00118,12500.0,396535.81,ABOR,INR
POS0000831,2026-05-14,CL572,PORT-078,SEC00311,62472.0,104724.35,Custodian,USD
POS0000832,2026-05-18,CL422,PORT-054,SEC00224,57030.0,201279.61,IBOR,GBP
POS0000833,2026-05-15,CL363,PORT-074,SEC00228,45451.0,144159.77,ABOR,JPY
POS0000834,2026-05-17,CL658,PORT-038,SEC00221,29647.0,148046.34,ABOR,CAD
POS0000835,2026-05-14,CL764,PORT-010,SEC00257,4641.0,383937.03,ABOR,GBP
POS0000836,2026-05-15,CL132,PORT-015,SEC00101,38309.0,154646.71,IBOR,USD
POS0000837,2026-05-16,CL470,PORT-040,SEC00031,38695.0,131387.25,Custodian,USD
POS0000838,2026-05-18,CL140,PORT-047,SEC00162,74458.0,138437.0,IBOR,EUR
POS0000839,2026-05-18,CL456,PORT-058,SEC00000,32777.0,120321.78,ABOR,CAD
POS0000840,2026-05-14,CL818,PORT-063,SEC00069,59961.0,108873.9,ABOR,INR
POS0000841,2026-05-15,CL721,PORT-061,SEC00240,21571.0,120611.74,IBOR,GBP
POS0000842,2026-05-16,CL211,PORT-047,SEC00160,60565.0,441496.81,Custodian,CAD
POS0000843,2026-05-14,CL744,PORT-002,SEC00221,771.0,249419.95,IBOR,CAD
POS0000844,2026-05-15,CL112,PORT-042,SEC00163,96097.0,132307.24,Custodian,CAD
POS0000845,2026-05-17,CL111,PORT-065,SEC00173,46897.0,293312.36,IBOR,USD
POS0000846,2026-05-15,CL920,PORT-067,SEC00096,-11479.0,62798.33,IBOR,USD
POS0000847,2026-05-15,CL129,PORT-066,SEC00069,34210.0,371538.22,IBOR,INR
POS0000848,2026-05-17,CL338,PORT-001,SEC00083,30735.0,354014.61,IBOR,GBP
POS0000849,2026-05-19,CL218,PORT-035,SEC00255,35572.0,622687.71,IBOR,USD
POS0000850,2026-05-15,CL623,PORT-049,SEC00313,41978.0,298621.11,Custodian,JPY
POS0000851,2026-05-17,CL569,PORT-020,SEC00026,35422.0,211576.25,ABOR,GBP
POS0000852,2026-05-17,CL854,PORT-033,SEC00171,32039.0,353162.73,IBOR,CAD
POS0000853,2026-05-15,CL987,PORT-008,SEC00150,24509.0,111805.31,IBOR,JPY
POS0000854,2026-05-15,CL770,PORT-016,SEC00179,68079.0,128380.03,IBOR,EUR
POS0000855,2026-05-19,CL519,PORT-001,SEC00074,76425.0,156600.48,Custodian,CAD
POS0000856,2026-05-15,CL141,PORT-078,SEC00002,44399.0,370026.14,IBOR,JPY
POS0000857,2026-05-18,CL929,PORT-068,SEC00065,49612.0,97389.43,IBOR,EUR
POS0000858,2026-05-16,CL604,PORT-032,SEC00058,25221.0,91378.27,ABOR,USD
POS0000859,2026-05-14,CL295,PORT-001,SEC00016,51562.0,187572.9,IBOR,JPY
POS0000860,2026-05-18,CL587,PORT-027,SEC00114,55059.0,250325.74,IBOR,INR
POS0000861,2026-05-18,CL452,PORT-035,SEC00218,45173.0,106740.04,Custodian,CAD
POS0000862,2026-05-14,CL414,PORT-014,SEC00309,58714.0,243348.72,IBOR,USD
POS0000863,2026-05-17,CL507,PORT-053,SEC00210,56792.0,369919.1,ABOR,GBP
POS0000864,2026-05-14,CL777,PORT-079,SEC00056,26809.0,334461.49,IBOR,CAD
POS0000865,2026-05-17,CL247,PORT-067,SEC00115,76247.0,201184.09,IBOR,JPY
POS0000866,2026-05-16,CL966,PORT-068,SEC00097,45432.0,154143.82,Custodian,USD
POS0000867,2026-05-16,CL156,PORT-066,SEC00067,86863.0,461101.83,IBOR,CAD
POS0000868,2026-05-14,CL232,PORT-006,SEC00316,59249.0,164266.01,ABOR,INR
POS0000869,2026-05-16,CL707,PORT-044,SEC00209,93361.0,286133.22,IBOR,GBP
POS0000870,2026-05-16,CL230,PORT-045,SEC00153,75856.0,527006.88,ABOR,INR
POS0000871,2026-05-17,CL799,PORT-008,SEC00139,54998.0,268648.97,IBOR,JPY
POS0000872,2026-05-17,CL760,PORT-012,SEC00101,34092.0,89477.75,ABOR,EUR
POS0000873,2026-05-17,CL486,PORT-045,SEC00133,34566.0,77387.95,IBOR,INR
POS0000874,2026-05-17,CL508,PORT-057,SEC00202,61727.0,136137.73,ABOR,EUR
POS0000875,2026-05-15,CL998,PORT-017,SEC00297,53149.0,249122.36,IBOR,EUR
POS0000876,2026-05-19,CL814,PORT-039,SEC00158,37041.0,212537.03,IBOR,JPY
POS0000877,2026-05-16,CL668,PORT-006,SEC00059,68327.0,611854.16,IBOR,USD
POS0000878,2026-05-16,CL226,PORT-009,SEC00306,50853.0,211299.91,IBOR,JPY
POS0000879,2026-05-15,CL630,PORT-046,SEC00100,68458.0,133724.27,ABOR,JPY
POS0000880,2026-05-16,CL135,PORT-045,SEC00026,28540.0,82453.91,Custodian,INR
POS0000881,2026-05-17,CL326,PORT-060,SEC00174,71988.0,330467.11,ABOR,USD
POS0000882,2026-05-19,CL727,PORT-072,SEC00252,61022.0,162163.97,ABOR,JPY
POS0000883,2026-05-17,CL466,PORT-016,SEC00082,76347.0,65927.84,ABOR,GBP
POS0000884,2026-05-18,CL994,PORT-027,SEC00089,71503.0,164943.19,IBOR,EUR
POS0000885,2026-05-18,CL944,PORT-068,SEC00092,48131.0,89550.42,ABOR,GBP
POS0000886,2026-05-15,CL185,PORT-005,SEC00258,46362.0,126073.14,Custodian,CAD
POS0000887,2026-05-17,CL894,PORT-066,SEC00306,89227.0,163360.58,IBOR,INR
POS0000888,2026-05-15,CL877,PORT-075,SEC00271,43607.0,94550.86,ABOR,USD
POS0000889,2026-05-19,CL195,PORT-008,SEC00072,66466.0,121470.35,ABOR,CAD
POS0000890,2026-05-14,CL446,PORT-012,SEC00271,41609.0,104143.82,IBOR,JPY
POS0000891,2026-05-17,CL952,PORT-055,SEC00099,9039.0,105833.93,IBOR,USD
POS0000892,2026-05-18,CL115,PORT-038,SEC00277,22999.0,88892.91,ABOR,CAD
POS0000893,2026-05-17,CL152,PORT-079,SEC00317,58930.0,121825.05,ABOR,JPY
POS0000894,2026-05-14,CL558,PORT-044,SEC00229,65425.0,95147.25,ABOR,CAD
POS0000895,2026-05-15,CL956,PORT-052,SEC00305,59003.0,231410.96,IBOR,USD
POS0000896,2026-05-18,CL350,PORT-019,SEC00045,75211.0,183593.62,ABOR,EUR
POS0000897,2026-05-14,CL794,PORT-026,SEC00209,58608.0,333310.29,IBOR,CAD
POS0000898,2026-05-19,CL723,PORT-015,SEC00016,32945.0,504852.73,IBOR,EUR
POS0000899,2026-05-18,CL231,PORT-012,SEC00208,63075.0,244359.31,ABOR,JPY
POS0000900,2026-05-15,CL358,PORT-009,SEC00109,53731.0,213150.17,IBOR,JPY
POS0000901,2026-05-16,CL661,PORT-071,SEC00310,37338.0,253774.76,Custodian,CAD
POS0000902,2026-05-17,CL533,PORT-006,SEC00158,60395.0,215335.66,ABOR,GBP
POS0000903,2026-05-14,CL313,PORT-041,SEC00243,51746.0,167731.47,IBOR,INR
POS0000904,2026-05-15,CL280,PORT-041,SEC00096,36690.0,159916.09,Custodian,INR
POS0000905,2026-05-14,CL600,PORT-005,SEC00023,46087.0,88167.88,IBOR,INR
POS0000906,2026-05-18,CL844,PORT-067,SEC00237,81098.0,269238.19,Custodian,JPY
POS0000907,2026-05-14,CL471,PORT-040,SEC00070,80380.0,159727.28,ABOR,USD
POS0000908,2026-05-18,CL931,PORT-011,SEC00231,54139.0,388369.07,ABOR,EUR
POS0000909,2026-05-15,CL699,PORT-011,SEC00148,51260.0,281836.26,Custodian,JPY
POS0000910,2026-05-16,CL462,PORT-056,SEC00311,18473.0,111795.77,ABOR,GBP
POS0000911,2026-05-16,CL735,PORT-049,SEC00112,87826.0,343868.51,ABOR,EUR
POS0000912,2026-05-19,CL503,PORT-033,SEC00128,72800.0,35015.81,ABOR,INR
POS0000913,2026-05-14,CL780,PORT-033,SEC00236,66543.0,518209.79,Custodian,GBP
POS0000914,2026-05-18,CL983,PORT-003,SEC00251,-44.0,72906.48,Custodian,INR
POS0000915,2026-05-16,CL808,PORT-003,SEC00040,50900.0,219052.63,ABOR,JPY
POS0000916,2026-05-19,CL227,PORT-043,SEC00237,47203.0,210333.51,Custodian,GBP
POS0000917,2026-05-14,CL164,PORT-029,SEC00157,65022.0,319409.77,IBOR,USD
POS0000918,2026-05-18,CL826,PORT-020,SEC00316,40077.0,133623.57,ABOR,USD
POS0000919,2026-05-15,CL861,PORT-030,SEC00201,44902.0,44922.27,IBOR,JPY
POS0000920,2026-05-15,CL609,PORT-048,SEC00247,63627.0,133736.57,Custodian,GBP
POS0000921,2026-05-16,CL320,PORT-024,SEC00110,32981.0,142700.4,ABOR,INR
POS0000922,2026-05-19,CL891,PORT-028,SEC00090,37371.0,47595.09,IBOR,JPY
POS0000923,2026-05-18,CL503,PORT-023,SEC00251,54253.0,167246.32,Custodian,EUR
POS0000924,2026-05-16,CL362,PORT-053,SEC00004,79447.0,85347.73,IBOR,INR
POS0000925,2026-05-16,CL429,PORT-005,SEC00185,67786.0,240253.78,IBOR,JPY
POS0000926,2026-05-16,CL366,PORT-073,SEC00309,73659.0,140414.24,ABOR,CAD
POS0000927,2026-05-18,CL353,PORT-044,SEC00317,51393.0,527897.24,Custodian,CAD
POS0000928,2026-05-16,CL392,PORT-020,SEC00229,82892.0,139565.99,IBOR,CAD
POS0000929,2026-05-19,CL706,PORT-060,SEC00159,11694.0,210709.3,Custodian,USD
POS0000930,2026-05-17,CL114,PORT-075,SEC00260,94489.0,143222.85,Custodian,JPY
POS0000931,2026-05-19,CL426,PORT-005,SEC00004,97339.0,61453.69,Custodian,USD
POS0000932,2026-05-16,CL252,PORT-017,SEC00253,60046.0,143942.93,IBOR,CAD
POS0000933,2026-05-16,CL682,PORT-012,SEC00060,68310.0,255773.63,IBOR,INR
POS0000934,2026-05-14,CL994,PORT-006,SEC00235,49164.0,233559.91,Custodian,EUR
POS0000935,2026-05-17,CL808,PORT-059,SEC00111,45389.0,136494.47,Custodian,JPY
POS0000936,2026-05-19,CL323,PORT-016,SEC00240,36561.0,67910.53,ABOR,JPY
POS0000937,2026-05-18,CL561,PORT-031,SEC00193,48922.0,239587.78,Custodian,JPY
POS0000938,2026-05-15,CL117,PORT-065,SEC00297,62231.0,209335.17,IBOR,JPY
POS0000939,2026-05-14,CL471,PORT-049,SEC00251,59237.0,269964.71,Custodian,CAD
POS0000940,2026-05-19,CL350,PORT-054,SEC00292,93705.0,138072.29,IBOR,INR
POS0000941,2026-05-15,CL551,PORT-008,SEC00048,52206.0,59241.35,ABOR,GBP
POS0000942,2026-05-17,CL467,PORT-077,SEC00121,17246.0,224191.55,IBOR,INR
POS0000943,2026-05-18,CL713,PORT-007,SEC00139,86175.0,161864.42,IBOR,USD
POS0000944,2026-05-16,CL592,PORT-057,SEC00009,23139.0,375123.38,Custodian,EUR
POS0000945,2026-05-14,CL944,PORT-051,SEC00007,37693.0,165584.98,Custodian,USD
POS0000946,2026-05-18,CL161,PORT-033,SEC00012,55978.0,158374.83,Custodian,CAD
POS0000947,2026-05-14,CL949,PORT-067,SEC00245,59178.0,209055.01,IBOR,USD
POS0000948,2026-05-19,CL810,PORT-071,SEC00142,18200.0,113759.44,ABOR,CAD
POS0000949,2026-05-15,CL740,PORT-006,SEC00240,33578.0,110516.33,Custodian,INR
POS0000950,2026-05-19,CL842,PORT-076,SEC00267,17423.0,153470.38,IBOR,CAD
POS0000951,2026-05-19,CL145,PORT-020,SEC00011,63678.0,93690.89,ABOR,INR
POS0000952,2026-05-19,CL291,PORT-063,SEC00271,76034.0,141852.45,IBOR,GBP
POS0000953,2026-05-15,CL100,PORT-065,SEC00072,23120.0,521120.62,ABOR,INR
POS0000954,2026-05-16,CL817,PORT-044,SEC00129,71905.0,304242.46,IBOR,CAD
POS0000955,2026-05-15,CL418,PORT-069,SEC00308,70477.0,195794.86,IBOR,CAD
POS0000956,2026-05-19,CL424,PORT-066,SEC00096,35500.0,412918.85,ABOR,INR
POS0000957,2026-05-14,CL648,PORT-042,SEC00300,6383.0,99216.77,IBOR,INR
POS0000958,2026-05-15,CL480,PORT-015,SEC00162,26432.0,725244.36,ABOR,JPY
POS0000959,2026-05-17,CL672,PORT-035,SEC00004,36904.0,123463.21,ABOR,CAD
POS0000960,2026-05-14,CL941,PORT-072,SEC00266,83917.0,541600.29,Custodian,GBP
POS0000961,2026-05-19,CL398,PORT-017,SEC00014,47397.0,540171.43,Custodian,JPY
POS0000962,2026-05-18,CL901,PORT-079,SEC00203,27850.0,56843.78,IBOR,CAD
POS0000963,2026-05-19,CL578,PORT-015,SEC00146,53253.0,392485.66,IBOR,EUR
POS0000964,2026-05-19,CL437,PORT-053,SEC00044,21502.0,137263.06,IBOR,INR
POS0000965,2026-05-14,CL926,PORT-051,SEC00164,61315.0,115753.58,IBOR,USD
POS0000966,2026-05-17,CL538,PORT-016,SEC00115,28491.0,222967.85,ABOR,JPY
POS0000967,2026-05-16,CL214,PORT-038,SEC00031,31684.0,88898.52,ABOR,USD
POS0000968,2026-05-14,CL357,PORT-012,SEC00177,58261.0,219959.4,ABOR,CAD
POS0000969,2026-05-15,CL860,PORT-029,SEC00014,88505.0,92551.76,Custodian,CAD
POS0000970,2026-05-17,CL563,PORT-076,SEC00172,98351.0,180999.14,ABOR,EUR
POS0000971,2026-05-17,CL603,PORT-005,SEC00072,27123.0,362658.74,ABOR,USD
POS0000972,2026-05-19,CL713,PORT-069,SEC00265,36875.0,205234.96,ABOR,JPY
POS0000973,2026-05-15,CL274,PORT-054,SEC00304,61342.0,131153.68,IBOR,CAD
POS0000974,2026-05-14,CL183,PORT-060,SEC00298,75713.0,225223.08,IBOR,EUR
POS0000975,2026-05-16,CL495,PORT-023,SEC00300,2390.0,69990.29,IBOR,CAD
POS0000976,2026-05-17,CL926,PORT-075,SEC00032,51921.0,98388.93,IBOR,GBP
POS0000977,2026-05-14,CL214,PORT-021,SEC00163,39283.0,125723.2,Custodian,GBP
POS0000978,2026-05-17,CL746,PORT-040,SEC00071,7672.0,260956.8,IBOR,GBP
POS0000979,2026-05-17,CL980,PORT-003,SEC00030,20582.0,207623.01,Custodian,EUR
POS0000980,2026-05-14,CL186,PORT-071,SEC00125,37509.0,224380.8,ABOR,GBP
POS0000981,2026-05-17,CL219,PORT-056,SEC00137,51294.0,160102.65,ABOR,EUR
POS0000982,2026-05-14,CL881,PORT-013,SEC00094,72178.0,101431.63,Custodian,GBP
POS0000983,2026-05-19,CL197,PORT-053,SEC00036,57796.0,397468.18,Custodian,EUR
POS0000984,2026-05-17,CL768,PORT-015,SEC00130,70846.0,107079.19,IBOR,USD
POS0000985,2026-05-17,CL816,PORT-036,SEC00049,50588.0,209278.96,ABOR,GBP
POS0000986,2026-05-18,CL381,PORT-041,SEC00013,34491.0,152167.51,Custodian,USD
POS0000987,2026-05-14,CL362,PORT-074,SEC00144,45958.0,228158.51,IBOR,EUR
POS0000988,2026-05-17,CL568,PORT-027,SEC00021,65301.0,113176.95,Custodian,INR
POS0000989,2026-05-14,CL555,PORT-002,SEC00309,72716.0,306081.38,ABOR,USD
POS0000990,2026-05-18,CL873,PORT-035,SEC00268,46747.0,372118.17,ABOR,EUR
POS0000991,2026-05-17,CL632,PORT-074,SEC00296,29559.0,295018.65,Custodian,INR
POS0000992,2026-05-17,CL970,PORT-064,SEC00032,57384.0,178898.73,Custodian,USD
POS0000993,2026-05-16,CL315,PORT-005,SEC00148,60516.0,125357.49,Custodian,INR
POS0000994,2026-05-18,CL352,PORT-005,SEC00263,77120.0,884932.87,ABOR,USD
POS0000995,2026-05-18,CL316,PORT-060,SEC00184,35067.0,89771.72,ABOR,USD
POS0000996,2026-05-16,CL684,PORT-057,SEC00098,35308.0,276160.56,IBOR,EUR
POS0000997,2026-05-18,CL130,PORT-045,SEC00266,66636.0,198723.75,Custodian,CAD
POS0000998,2026-05-15,CL873,PORT-007,SEC00098,41036.0,156760.98,IBOR,USD
POS0000999,2026-05-17,CL793,PORT-023,SEC00311,40107.0,181879.16,ABOR,USD
POS0001000,2026-05-14,CL988,PORT-067,SEC00032,77591.0,119834.97,ABOR,CAD
POS0001001,2026-05-18,CL961,PORT-012,SEC00225,19838.0,210288.01,IBOR,JPY
POS0001002,2026-05-14,CL163,PORT-016,SEC00004,95236.0,196829.8,ABOR,JPY
POS0001003,2026-05-17,CL772,PORT-036,SEC00292,36522.0,811461.27,ABOR,USD
POS0001004,2026-05-19,CL552,PORT-059,SEC00113,69068.0,309431.9,ABOR,GBP
POS0001005,2026-05-15,CL761,PORT-066,SEC00006,47606.0,221799.63,IBOR,JPY
POS0001006,2026-05-18,CL885,PORT-047,SEC00267,55970.0,229885.21,Custodian,JPY
POS0001007,2026-05-19,CL624,PORT-039,SEC00309,44219.0,490765.94,IBOR,JPY
POS0001008,2026-05-16,CL102,PORT-031,SEC00294,68845.0,90920.8,IBOR,USD
POS0001009,2026-05-15,CL877,PORT-004,SEC00155,42359.0,145853.85,ABOR,CAD
POS0001010,2026-05-18,CL493,PORT-022,SEC00019,37395.0,51829.6,ABOR,INR
POS0001011,2026-05-16,CL512,PORT-017,SEC00072,89894.0,227581.64,ABOR,EUR
POS0001012,2026-05-19,CL625,PORT-005,SEC00009,50646.0,270737.3,ABOR,CAD
POS0001013,2026-05-18,CL919,PORT-059,SEC00014,35135.0,89557.84,IBOR,EUR
POS0001014,2026-05-15,CL573,PORT-028,SEC00050,17214.0,385019.02,ABOR,USD
POS0001015,2026-05-19,CL286,PORT-041,SEC00180,91043.0,105732.97,IBOR,CAD
POS0001016,2026-05-17,CL758,PORT-016,SEC00245,37858.0,132524.01,ABOR,USD
POS0001017,2026-05-16,CL669,PORT-047,SEC00187,95360.0,174859.76,Custodian,USD
POS0001018,2026-05-19,CL158,PORT-011,SEC00065,58775.0,423588.53,Custodian,JPY
POS0001019,2026-05-14,CL578,PORT-054,SEC00192,53143.0,97253.99,Custodian,EUR
POS0001020,2026-05-16,CL806,PORT-059,SEC00073,53737.0,193832.23,Custodian,USD
POS0001021,2026-05-17,CL894,PORT-025,SEC00147,98751.0,259082.72,ABOR,USD
POS0001022,2026-05-14,CL354,PORT-017,SEC00284,1771.0,228909.52,ABOR,USD
POS0001023,2026-05-16,CL569,PORT-062,SEC00043,54716.0,234038.43,Custodian,CAD
POS0001024,2026-05-15,CL840,PORT-018,SEC00279,44166.0,257017.67,IBOR,INR
POS0001025,2026-05-19,CL624,PORT-015,SEC00086,45312.0,116677.19,ABOR,CAD
POS0001026,2026-05-19,CL477,PORT-027,SEC00214,53285.0,448053.48,ABOR,JPY
POS0001027,2026-05-19,CL265,PORT-077,SEC00083,44142.0,152254.75,IBOR,JPY
POS0001028,2026-05-16,CL138,PORT-037,SEC00052,54139.0,140602.36,IBOR,EUR
POS0001029,2026-05-14,CL720,PORT-021,SEC00144,49481.0,365336.93,Custodian,CAD
POS0001030,2026-05-14,CL966,PORT-041,SEC00121,21102.0,111486.62,ABOR,INR
POS0001031,2026-05-16,CL640,PORT-028,SEC00162,58390.0,197238.1,Custodian,JPY
POS0001032,2026-05-19,CL801,PORT-053,SEC00075,65753.0,105482.38,ABOR,USD
POS0001033,2026-05-16,CL708,PORT-035,SEC00313,38075.0,737883.69,ABOR,INR
POS0001034,2026-05-16,CL412,PORT-047,SEC00214,91094.0,650302.36,Custodian,EUR
POS0001035,2026-05-16,CL570,PORT-035,SEC00268,79383.0,152337.76,IBOR,EUR
POS0001036,2026-05-15,CL342,PORT-039,SEC00249,68567.0,222329.17,ABOR,INR
POS0001037,2026-05-16,CL300,PORT-036,SEC00231,68300.0,163263.36,IBOR,CAD
POS0001038,2026-05-15,CL629,PORT-032,SEC00045,50662.0,132037.38,Custodian,JPY
POS0001039,2026-05-17,CL680,PORT-077,SEC00188,75110.0,174866.64,Custodian,USD
POS0001040,2026-05-19,CL987,PORT-021,SEC00287,84557.0,158837.85,IBOR,JPY
POS0001041,2026-05-19,CL312,PORT-064,SEC00030,67777.0,65355.68,Custodian,CAD
POS0001042,2026-05-14,CL360,PORT-057,SEC00148,37454.0,190577.46,ABOR,INR
POS0001043,2026-05-17,CL249,PORT-042,SEC00058,49127.0,158676.73,ABOR,EUR
POS0001044,2026-05-18,CL952,PORT-026,SEC00254,62621.0,196284.47,Custodian,JPY
POS0001045,2026-05-18,CL802,PORT-039,SEC00298,68430.0,155358.3,Custodian,EUR
POS0001046,2026-05-19,CL397,PORT-068,SEC00016,48296.0,131110.58,Custodian,CAD
POS0001047,2026-05-14,CL971,PORT-015,SEC00256,37530.0,275115.43,IBOR,CAD
POS0001048,2026-05-19,CL732,PORT-047,SEC00115,84853.0,224107.39,ABOR,JPY
POS0001049,2026-05-18,CL528,PORT-061,SEC00308,26409.0,376106.78,Custodian,USD
POS0001050,2026-05-17,CL443,PORT-051,SEC00004,29291.0,219002.38,ABOR,GBP
POS0001051,2026-05-17,CL611,PORT-012,SEC00061,20803.0,144558.0,ABOR,USD
POS0001052,2026-05-19,CL176,PORT-041,SEC00229,29242.0,235640.15,Custodian,INR
POS0001053,2026-05-18,CL254,PORT-015,SEC00249,77442.0,49594.35,Custodian,INR
POS0001054,2026-05-15,CL941,PORT-074,SEC00025,78178.0,575047.5,ABOR,EUR
POS0001055,2026-05-18,CL285,PORT-028,SEC00051,48371.0,191880.5,IBOR,CAD
POS0001056,2026-05-14,CL247,PORT-034,SEC00108,60919.0,603603.94,IBOR,INR
POS0001057,2026-05-17,CL873,PORT-068,SEC00011,49769.0,96605.69,Custodian,CAD
POS0001058,2026-05-19,CL949,PORT-034,SEC00250,23777.0,83234.13,IBOR,EUR
POS0001059,2026-05-19,CL835,PORT-016,SEC00214,98798.0,202703.58,IBOR,EUR
POS0001060,2026-05-15,CL192,PORT-071,SEC00239,80244.0,202302.8,ABOR,GBP
POS0001061,2026-05-17,CL854,PORT-052,SEC00150,57797.0,199375.82,IBOR,EUR
POS0001062,2026-05-14,CL339,PORT-048,SEC00204,31170.0,181951.55,IBOR,INR
POS0001063,2026-05-15,CL109,PORT-006,SEC00183,45051.0,111650.61,Custodian,GBP
POS0001064,2026-05-19,CL927,PORT-036,SEC00222,34767.0,66755.14,ABOR,JPY
POS0001065,2026-05-18,CL340,PORT-037,SEC00144,52147.0,192892.89,ABOR,EUR
POS0001066,2026-05-15,CL692,PORT-021,SEC00208,56818.0,75391.12,ABOR,USD
POS0001067,2026-05-19,CL166,PORT-045,SEC00206,42495.0,71239.04,ABOR,CAD
POS0001068,2026-05-14,CL270,PORT-020,SEC00205,18003.0,129523.93,ABOR,GBP
POS0001069,2026-05-19,CL891,PORT-038,SEC00279,96905.0,210743.15,ABOR,USD
POS0001070,2026-05-15,CL632,PORT-064,SEC00111,55226.0,536410.79,ABOR,INR
POS0001071,2026-05-14,CL997,PORT-059,SEC00281,60045.0,292890.93,IBOR,USD
POS0001072,2026-05-16,CL262,PORT-023,SEC00009,40707.0,384589.02,Custodian,CAD
POS0001073,2026-05-15,CL900,PORT-017,SEC00155,15636.0,240914.41,Custodian,GBP
POS0001074,2026-05-14,CL886,PORT-001,SEC00141,48167.0,202827.72,ABOR,GBP
POS0001075,2026-05-15,CL930,PORT-028,SEC00277,42889.0,731954.91,ABOR,EUR
POS0001076,2026-05-15,CL144,PORT-002,SEC00014,65610.0,73591.63,IBOR,USD
POS0001077,2026-05-17,CL193,PORT-011,SEC00069,69934.0,127015.17,ABOR,GBP
POS0001078,2026-05-18,CL576,PORT-078,SEC00150,66831.0,133104.81,Custodian,GBP
POS0001079,2026-05-14,CL204,PORT-068,SEC00260,71742.0,278210.75,IBOR,GBP
POS0001080,2026-05-18,CL157,PORT-045,SEC00148,89681.0,90466.41,IBOR,GBP
POS0001081,2026-05-17,CL829,PORT-062,SEC00204,58577.0,257315.38,Custodian,JPY
POS0001082,2026-05-16,CL724,PORT-039,SEC00057,74183.0,230450.16,ABOR,USD
POS0001083,2026-05-17,CL858,PORT-048,SEC00301,60865.0,265138.73,IBOR,GBP
POS0001084,2026-05-17,CL941,PORT-073,SEC00250,8199.0,262271.06,Custodian,CAD
POS0001085,2026-05-16,CL228,PORT-007,SEC00013,46601.0,409622.7,ABOR,CAD
POS0001086,2026-05-18,CL847,PORT-028,SEC00225,30910.0,158019.59,IBOR,JPY
POS0001087,2026-05-14,CL139,PORT-010,SEC00041,55092.0,223707.52,IBOR,GBP
POS0001088,2026-05-18,CL434,PORT-063,SEC00179,32598.0,104617.95,IBOR,GBP
POS0001089,2026-05-17,CL367,PORT-065,SEC00226,63325.0,91228.53,IBOR,INR
POS0001090,2026-05-14,CL312,PORT-058,SEC00296,71583.0,469252.96,IBOR,GBP
POS0001091,2026-05-17,CL745,PORT-049,SEC00022,76479.0,99980.33,ABOR,CAD
POS0001092,2026-05-15,CL208,PORT-038,SEC00091,85624.0,239135.89,ABOR,USD
POS0001093,2026-05-16,CL827,PORT-002,SEC00220,13127.0,223826.32,IBOR,JPY
POS0001094,2026-05-18,CL885,PORT-062,SEC00083,23622.0,329386.97,Custodian,JPY
POS0001095,2026-05-15,CL698,PORT-071,SEC00228,114412.0,60179.05,Custodian,GBP
POS0001096,2026-05-18,CL172,PORT-077,SEC00058,72210.0,277818.75,ABOR,GBP
POS0001097,2026-05-15,CL636,PORT-028,SEC00052,54938.0,157185.32,Custodian,USD
POS0001098,2026-05-19,CL665,PORT-016,SEC00174,50705.0,113556.36,ABOR,GBP
POS0001099,2026-05-15,CL435,PORT-052,SEC00220,48749.0,140015.65,IBOR,GBP
