security_id,isin,ticker,security_name,asset_class,currency,exchange,issuer,region
SEC00000,US1000000000,AA0,Apex Capital ETF 2028,ETF,JPY,LSE,Northstar,Americas
SEC00001,US1000000001,BA1,Zenith Government Bond 2029,Corporate Bond,INR,XETRA,Zenith,Americas
SEC00002,US1000000002,CA2,Blue Harbor Derivative 2030,Equity,USD,TSE,Blue Harbor,EMEA
SEC00003,US1000000003,DB3,Apex Capital ETF 2031,Corporate Bond,USD,LSE,Apex Capital,EMEA
SEC00004,US1000000004,EB4,Northstar Equity 2032,ETF,GBP,LSE,Riverstone,APAC
SEC00005,US1000000005,FB5,Zenith Derivative 2033,Government Bond,INR,NYSE,Riverstone,APAC
SEC00006,US1000000006,GC6,Riverstone ETF 2034,ETF,USD,LSE,Zenith,Americas
SEC00007,US1000000007,HC7,Riverstone ETF 2035,Corporate Bond,EUR,NYSE,Northstar,Americas
SEC00008,US1000000008,IC8,Zenith Equity 2036,Government Bond,GBP,NASDAQ,Apex Capital,EMEA
SEC00009,US1000000009,JD9,Atlas Government Bond 2037,Equity,USD,NSE,Blue Harbor,EMEA
SEC00010,US1000000010,KD10,Zenith Corporate Bond 2038,Government Bond,USD,NYSE,Zenith,EMEA
SEC00011,US1000000011,LD11,Northstar Derivative 2039,Equity,INR,LSE,Zenith,EMEA
SEC00012,US1000000012,ME12,Riverstone ETF 2028,Government Bond,GBP,NSE,Northstar,EMEA
SEC00013,US1000000013,NE13,Blue Harbor Derivative 2029,ETF,USD,NSE,Zenith,Americas
SEC00014,US1000000014,OE14,Zenith Government Bond 2030,Equity,INR,NYSE,Northstar,Americas
SEC00015,US1000000015,PF15,Blue Harbor Corporate Bond 2031,Government Bond,USD,NYSE,Riverstone,Americas
SEC00016,US1000000016,QF16,Apex Capital Government Bond 2032,Equity,INR,LSE,Riverstone,Americas
SEC00017,US1000000017,RF17,Atlas Equity 2033,Government Bond,USD,XETRA,Zenith,Americas
SEC00018,US1000000018,SG18,Atlas Derivative 2034,Equity,GBP,NSE,Apex Capital,APAC
SEC00019,US1000000019,TG19,Northstar ETF 2035,Derivative,USD,NASDAQ,Atlas,Americas
SEC00020,US1000000020,UG20,Apex Capital ETF 2036,Equity,USD,NYSE,Apex Capital,Americas
SEC00021,US1000000021,VH21,Riverstone Corporate Bond 2037,Derivative,INR,NASDAQ,Atlas,EMEA
SEC00022,US1000000022,WH22,Apex Capital Derivative 2038,ETF,USD,NSE,Apex Capital,APAC
SEC00023,US1000000023,XH23,Blue Harbor Derivative 2039,Corporate Bond,USD,NYSE,Zenith,Americas
SEC00024,US1000000024,YI24,Riverstone ETF 2028,ETF,USD,LSE,Apex Capital,APAC
SEC00025,US1000000025,ZI25,Riverstone Equity 2029,ETF,JPY,NYSE,Apex Capital,APAC
SEC00026,US1000000026,AI26,Blue Harbor Government Bond 2030,Derivative,INR,NYSE,Riverstone,EMEA
SEC00027,US1000000027,BJ27,Blue Harbor Equity 2031,Equity,CAD,NSE,Riverstone,EMEA
SEC00028,US1000000028,CJ28,Zenith Equity 2032,Corporate Bond,USD,NYSE,Apex Capital,Americas
SEC00029,US1000000029,DJ29,Riverstone ETF 2033,Equity,USD,NASDAQ,Atlas,APAC
SEC00030,US1000000030,EK30,Atlas ETF 2034,Government Bond,USD,NSE,Northstar,Americas
SEC00031,US1000000031,FK31,Blue Harbor Derivative 2035,Equity,EUR,XETRA,Northstar,APAC
SEC00032,US1000000032,GK32,Blue Harbor Corporate Bond 2036,Corporate Bond,CAD,NYSE,Northstar,EMEA
SEC00033,US1000000033,HL33,Atlas Corporate Bond 2037,Corporate Bond,GBP,LSE,Blue Harbor,Americas
SEC00034,US1000000034,IL34,Apex Capital Government Bond 2038,Corporate Bond,GBP,NSE,Northstar,Americas
SEC00035,US1000000035,JL35,Riverstone Equity 2039,Corporate Bond,USD,LSE,Blue Harbor,EMEA
SEC00036,US1000000036,KM36,Blue Harbor Equity 2028,Government Bond,INR,XETRA,Northstar,EMEA
SEC00037,US1000000037,LM37,Riverstone Government Bond 2029,ETF,EUR,XETRA,Apex Capital,Americas
SEC00038,US1000000038,MM38,Northstar Corporate Bond 2030,Corporate Bond,USD,XETRA,Blue Harbor,APAC
SEC00039,US1000000039,NN39,Zenith ETF 2031,Corporate Bond,USD,NASDAQ,Riverstone,APAC
SEC00040,US1000000040,ON40,Atlas Government Bond 2032,Derivative,USD,NSE,Riverstone,EMEA
SEC00041,US1000000041,PN41,Apex Capital Derivative 2033,Equity,USD,NSE,Blue Harbor,EMEA
SEC00042,US1000000042,QO42,Zenith ETF 2034,Equity,USD,NYSE,Northstar,Americas
SEC00043,,RO43,Apex Capital Corporate Bond 2035,Equity,EUR,TSE,Riverstone,APAC
SEC00044,US1000000044,SO44,Riverstone Derivative 2036,Government Bond,GBP,TSE,Riverstone,Americas
SEC00045,US1000000045,TP45,Blue Harbor Derivative 2037,Corporate Bond,USD,TSE,Riverstone,APAC
SEC00046,US1000000046,UP46,Atlas Corporate Bond 2038,Government Bond,EUR,LSE,Atlas,Americas
SEC00047,US1000000047,VP47,Atlas Corporate Bond 2039,Government Bond,CAD,LSE,Riverstone,EMEA
SEC00048,US1000000048,WQ48,Northstar ETF 2028,Equity,JPY,NSE,Atlas,Americas
SEC00049,US1000000049,XQ49,Zenith Equity 2029,ETF,EUR,NYSE,Blue Harbor,Americas
SEC00050,US1000000050,YQ50,Riverstone Equity 2030,Government Bond,USD,TSE,Blue Harbor,APAC
SEC00051,US1000000051,ZR51,Riverstone Equity 2031,Equity,INR,NSE,Northstar,EMEA
SEC00052,US1000000052,AR52,Riverstone ETF 2032,Equity,USD,TSE,Northstar,EMEA
SEC00053,US1000000053,BR53,Riverstone ETF 2033,Equity,USD,LSE,Riverstone,APAC
SEC00054,US1000000054,CS54,Blue Harbor ETF 2034,Equity,INR,XETRA,Riverstone,APAC
SEC00055,US1000000055,DS55,Northstar ETF 2035,Equity,EUR,NYSE,Riverstone,APAC
SEC00056,US1000000056,ES56,Zenith Government Bond 2036,Derivative,JPY,NSE,Northstar,Americas
SEC00057,US1000000057,FT57,Zenith Government Bond 2037,Corporate Bond,GBP,LSE,Blue Harbor,EMEA
SEC00058,US1000000058,GT58,Apex Capital Equity 2038,Corporate Bond,GBP,NYSE,Northstar,APAC
SEC00059,US1000000059,HT59,Northstar Equity 2039,Government Bond,USD,TSE,Atlas,Americas
SEC00060,US1000000060,IU60,Blue Harbor ETF 2028,Corporate Bond,USD,XETRA,Northstar,Americas
SEC00061,US1000000061,JU61,Zenith Government Bond 2029,Derivative,USD,XETRA,Apex Capital,APAC
SEC00062,US1000000062,KU62,Atlas Government Bond 2030,ETF,USD,NYSE,Zenith,EMEA
SEC00063,US1000000063,LV63,Apex Capital ETF 2031,Corporate Bond,INR,TSE,Atlas,EMEA
SEC00064,US1000000064,MV64,Zenith ETF 2032,Equity,USD,XETRA,Atlas,APAC
SEC00065,US1000000065,NV65,Zenith Government Bond 2033,Derivative,EUR,TSE,Apex Capital,EMEA
SEC00066,US1000000066,OW66,Apex Capital Government Bond 2034,Government Bond,INR,TSE,Northstar,EMEA
SEC00067,US1000000067,PW67,Riverstone Corporate Bond 2035,Derivative,JPY,NASDAQ,Apex Capital,Americas
SEC00068,US1000000068,QW68,Zenith Equity 2036,Equity,EUR,NASDAQ,Northstar,Americas
SEC00069,US1000000069,RX69,Blue Harbor Government Bond 2037,ETF,EUR,NSE,Zenith,Americas
SEC00070,US1000000070,SX70,Atlas Corporate Bond 2038,Government Bond,CAD,XETRA,Northstar,APAC
SEC00071,US1000000071,TX71,Northstar Government Bond 2039,Equity,GBP,LSE,Apex Capital,APAC
SEC00072,US1000000072,UY72,Atlas Derivative 2028,Corporate Bond,INR,NASDAQ,Zenith,Americas
SEC00073,US1000000073,VY73,Apex Capital Corporate Bond 2029,Government Bond,INR,XETRA,Apex Capital,Americas
SEC00074,,WY74,Riverstone Equity 2030,Equity,JPY,TSE,Northstar,APAC
SEC00075,US1000000075,XZ75,Atlas Corporate Bond 2031,Corporate Bond,USD,NYSE,Apex Capital,Americas
SEC00076,US1000000076,YZ76,Atlas Corporate Bond 2032,ETF,EUR,XETRA,Apex Capital,EMEA
SEC00077,US1000000077,ZZ77,Blue Harbor ETF 2033,Equity,USD,NSE,Blue Harbor,EMEA
SEC00078,US1000000078,AA78,Apex Capital Government Bond 2034,Corporate Bond,GBP,NASDAQ,Atlas,EMEA
SEC00079,US1000000079,BA79,Zenith ETF 2035,Corporate Bond,CAD,NASDAQ,Riverstone,Americas
SEC00080,US1000000080,CA80,Atlas ETF 2036,Equity,EUR,NSE,Apex Capital,EMEA
SEC00081,US1000000081,DB81,Blue Harbor Government Bond 2037,ETF,EUR,NYSE,Apex Capital,Americas
SEC00082,US1000000082,EB82,Blue Harbor Derivative 2038,ETF,USD,LSE,Blue Harbor,EMEA
SEC00083,US1000000083,FB83,Northstar Equity 2039,Equity,CAD,LSE,Zenith,Americas
SEC00084,US1000000084,GC84,Blue Harbor Equity 2028,Derivative,USD,TSE,Riverstone,EMEA
SEC00085,US1000000085,HC85,Apex Capital Equity 2029,ETF,USD,NYSE,Riverstone,EMEA
SEC00086,US1000000086,IC86,Riverstone ETF 2030,Equity,USD,LSE,Blue Harbor,Americas
SEC00087,,JD87,Riverstone Government Bond 2031,ETF,USD,NYSE,Northstar,Americas
SEC00088,US1000000088,KD88,Riverstone Equity 2032,Equity,EUR,TSE,Apex Capital,Americas
SEC00089,US1000000089,LD89,Atlas Government Bond 2033,Derivative,EUR,XETRA,Apex Capital,Americas
SEC00090,US1000000090,ME90,Atlas Equity 2034,Government Bond,USD,LSE,Apex Capital,Americas
SEC00091,US1000000091,NE91,Blue Harbor ETF 2035,Government Bond,USD,LSE,Atlas,APAC
SEC00092,US1000000092,OE92,Blue Harbor Government Bond 2036,Equity,USD,NYSE,Northstar,Americas
SEC00093,,PF93,Apex Capital Corporate Bond 2037,ETF,USD,NSE,Riverstone,APAC
SEC00094,US1000000094,QF94,Northstar Corporate Bond 2038,Equity,USD,XETRA,Zenith,APAC
SEC00095,US1000000095,RF95,Riverstone ETF 2039,Equity,GBP,NASDAQ,Zenith,Americas
SEC00096,US1000000096,SG96,Zenith Corporate Bond 2028,Equity,USD,LSE,Blue Harbor,EMEA
SEC00097,US1000000097,TG97,Atlas Equity 2029,Government Bond,USD,TSE,Riverstone,APAC
SEC00098,US1000000098,UG98,Blue Harbor Equity 2030,Equity,USD,TSE,Apex Capital,EMEA
SEC00099,US1000000099,VH99,Blue Harbor Derivative 2031,ETF,USD,LSE,Apex Capital,EMEA
SEC00100,US1000000100,WH100,Blue Harbor Derivative 2032,Government Bond,USD,NASDAQ,Blue Harbor,EMEA
SEC00101,US1000000101,XH101,Blue Harbor ETF 2033,Equity,USD,XETRA,Blue Harbor,Americas
SEC00102,US1000000102,YI102,Blue Harbor Corporate Bond 2034,Equity,INR,XETRA,Zenith,EMEA
SEC00103,US1000000103,ZI103,Riverstone Derivative 2035,Equity,USD,XETRA,Riverstone,APAC
SEC00104,US1000000104,AI104,Northstar ETF 2036,Government Bond,EUR,NYSE,Zenith,APAC
SEC00105,US1000000105,BJ105,Northstar ETF 2037,ETF,EUR,LSE,Northstar,Americas
SEC00106,US1000000106,CJ106,Riverstone Government Bond 2038,Equity,USD,XETRA,Northstar,EMEA
SEC00107,US1000000107,DJ107,Riverstone Corporate Bond 2039,ETF,EUR,NSE,Riverstone,Americas
SEC00108,US1000000108,EK108,Apex Capital Equity 2028,Equity,JPY,XETRA,Northstar,APAC
SEC00109,,FK109,Blue Harbor Derivative 2029,ETF,INR,LSE,Zenith,Americas
SEC00110,US1000000110,GK110,Apex Capital Government Bond 2030,Derivative,USD,XETRA,Zenith,APAC
SEC00111,US1000000111,HL111,Riverstone Corporate Bond 2031,Government Bond,USD,NASDAQ,Riverstone,APAC
SEC00112,US1000000112,IL112,Riverstone Corporate Bond 2032,Government Bond,USD,NYSE,Riverstone,Americas
SEC00113,US1000000113,JL113,Riverstone Government Bond 2033,ETF,EUR,TSE,Blue Harbor,Americas
SEC00114,US1000000114,KM114,Zenith Equity 2034,Equity,GBP,NSE,Northstar,APAC
SEC00115,US1000000115,LM115,Blue Harbor Derivative 2035,Equity,USD,NSE,Blue Harbor,Americas
SEC00116,US1000000116,MM116,Apex Capital ETF 2036,Equity,USD,XETRA,Blue Harbor,EMEA
SEC00117,US1000000117,NN117,Blue Harbor ETF 2037,Corporate Bond,INR,NYSE,Northstar,APAC
SEC00118,US1000000118,ON118,Zenith Government Bond 2038,Government Bond,USD,NSE,Zenith,EMEA
SEC00119,US1000000119,PN119,Northstar ETF 2039,Government Bond,EUR,LSE,Northstar,Americas
SEC00120,US1000000120,QO120,Apex Capital Government Bond 2028,ETF,JPY,NASDAQ,Zenith,EMEA
SEC00121,US1000000121,RO121,Apex Capital ETF 2029,Equity,USD,NSE,Riverstone,Americas
SEC00122,US1000000122,SO122,Zenith Equity 2030,Government Bond,USD,TSE,Atlas,APAC
SEC00123,US1000000123,TP123,Riverstone Government Bond 2031,Equity,USD,TSE,Apex Capital,Americas
SEC00124,US1000000124,UP124,Riverstone Equity 2032,Equity,INR,NASDAQ,Riverstone,Americas
SEC00125,US1000000125,VP125,Northstar Government Bond 2033,Government Bond,USD,NSE,Apex Capital,Americas
SEC00126,US1000000126,WQ126,Northstar Corporate Bond 2034,Derivative,USD,LSE,Blue Harbor,APAC
SEC00127,US1000000127,XQ127,Zenith Equity 2035,Government Bond,USD,XETRA,Northstar,Americas
SEC00128,US1000000128,YQ128,Riverstone Equity 2036,Equity,USD,TSE,Apex Capital,APAC
SEC00129,US1000000129,ZR129,Northstar Government Bond 2037,Government Bond,GBP,XETRA,Northstar,EMEA
SEC00130,US1000000130,AR130,Riverstone Equity 2038,Equity,USD,NASDAQ,Apex Capital,APAC
SEC00131,US1000000131,BR131,Northstar Derivative 2039,ETF,EUR,NASDAQ,Riverstone,APAC
SEC00132,,CS132,Atlas Government Bond 2028,Government Bond,GBP,LSE,Apex Capital,APAC
SEC00133,US1000000133,DS133,Blue Harbor Corporate Bond 2029,Equity,INR,NSE,Blue Harbor,APAC
SEC00134,US1000000134,ES134,Zenith Government Bond 2030,Equity,USD,TSE,Riverstone,Americas
SEC00135,US1000000135,FT135,Northstar Equity 2031,Equity,INR,LSE,Atlas,APAC
SEC00136,US1000000136,GT136,Apex Capital Derivative 2032,Derivative,GBP,TSE,Atlas,EMEA
SEC00137,US1000000137,HT137,Blue Harbor Government Bond 2033,Corporate Bond,USD,TSE,Apex Capital,EMEA
SEC00138,US1000000138,IU138,Blue Harbor ETF 2034,ETF,JPY,LSE,Atlas,APAC
SEC00139,US1000000139,JU139,Apex Capital Equity 2035,Government Bond,INR,LSE,Zenith,APAC
SEC00140,US1000000140,KU140,Northstar Government Bond 2036,Corporate Bond,USD,NSE,Northstar,EMEA
SEC00141,US1000000141,LV141,Riverstone Government Bond 2037,Equity,INR,XETRA,Blue Harbor,EMEA
SEC00142,US1000000142,MV142,Blue Harbor Derivative 2038,Derivative,EUR,NYSE,Atlas,EMEA
SEC00143,US1000000143,NV143,Apex Capital Government Bond 2039,Equity,GBP,TSE,Blue Harbor,Americas
SEC00144,US1000000144,OW144,Zenith Government Bond 2028,Corporate Bond,CAD,XETRA,Northstar,Americas
SEC00145,US1000000145,PW145,Riverstone Corporate Bond 2029,Government Bond,USD,XETRA,Atlas,Americas
SEC00146,US1000000146,QW146,Atlas Corporate Bond 2030,Government Bond,INR,TSE,Atlas,Americas
SEC00147,US1000000147,RX147,Zenith Government Bond 2031,Derivative,USD,NSE,Atlas,Americas
SEC00148,US1000000148,SX148,Atlas Government Bond 2032,Equity,INR,NASDAQ,Atlas,APAC
SEC00149,US1000000149,TX149,Northstar Equity 2033,Corporate Bond,GBP,LSE,Atlas,EMEA
SEC00150,US1000000150,UY150,Blue Harbor Derivative 2034,Corporate Bond,USD,NASDAQ,Blue Harbor,APAC
SEC00151,US1000000151,VY151,Apex Capital Derivative 2035,Corporate Bond,USD,XETRA,Northstar,EMEA
SEC00152,US1000000152,WY152,Zenith Equity 2036,Equity,USD,LSE,Zenith,Americas
SEC00153,US1000000153,XZ153,Northstar Government Bond 2037,Equity,USD,LSE,Northstar,Americas
SEC00154,US1000000154,YZ154,Northstar Equity 2038,Equity,USD,TSE,Blue Harbor,Americas
SEC00155,US1000000155,ZZ155,Zenith ETF 2039,Equity,USD,LSE,Zenith,APAC
SEC00156,US1000000156,AA156,Apex Capital Corporate Bond 2028,Corporate Bond,USD,LSE,Atlas,Americas
SEC00157,US1000000157,BA157,Northstar ETF 2029,Government Bond,USD,LSE,Northstar,EMEA
SEC00158,US1000000158,CA158,Riverstone ETF 2030,Government Bond,JPY,NASDAQ,Northstar,APAC
SEC00159,US1000000159,DB159,Atlas ETF 2031,Corporate Bond,GBP,NYSE,Riverstone,APAC
SEC00160,US1000000160,EB160,Northstar Equity 2032,Corporate Bond,JPY,TSE,Apex Capital,Americas
SEC00161,US1000000161,FB161,Zenith Derivative 2033,Equity,USD,NYSE,Zenith,Americas
SEC00162,US1000000162,GC162,Atlas Corporate Bond 2034,Corporate Bond,INR,NASDAQ,Riverstone,Americas
SEC00163,US1000000163,HC163,Northstar Equity 2035,Equity,GBP,TSE,Zenith,Americas
SEC00164,US1000000164,IC164,Apex Capital Government Bond 2036,Equity,USD,NYSE,Blue Harbor,Americas
SEC00165,US1000000165,JD165,Zenith Corporate Bond 2037,Corporate Bond,USD,XETRA,Riverstone,EMEA
SEC00166,US1000000166,KD166,Northstar Derivative 2038,Corporate Bond,GBP,TSE,Blue Harbor,APAC
SEC00167,US1000000167,LD167,Blue Harbor Derivative 2039,Equity,USD,XETRA,Riverstone,EMEA
SEC00168,US1000000168,ME168,Atlas Corporate Bond 2028,Corporate Bond,EUR,NASDAQ,Blue Harbor,EMEA
SEC00169,US1000000169,NE169,Northstar Derivative 2029,Corporate Bond,CAD,NYSE,Apex Capital,Americas
SEC00170,US1000000170,OE170,Zenith Corporate Bond 2030,Government Bond,USD,NSE,Zenith,APAC
SEC00171,US1000000171,PF171,Zenith Government Bond 2031,Government Bond,USD,NASDAQ,Apex Capital,EMEA
SEC00172,US1000000172,QF172,Atlas Corporate Bond 2032,Government Bond,CAD,TSE,Atlas,APAC
SEC00173,US1000000173,RF173,Atlas Derivative 2033,Equity,EUR,NASDAQ,Zenith,APAC
SEC00174,US1000000174,SG174,Northstar Equity 2034,ETF,USD,NYSE,Blue Harbor,Americas
SEC00175,US1000000175,TG175,Zenith Equity 2035,Corporate Bond,INR,TSE,Blue Harbor,Americas
SEC00176,US1000000176,UG176,Northstar Government Bond 2036,Corporate Bond,INR,NSE,Zenith,Americas
SEC00177,US1000000177,VH177,Atlas Derivative 2037,Government Bond,EUR,NSE,Northstar,EMEA
SEC00178,US1000000178,WH178,Apex Capital Derivative 2038,Equity,GBP,TSE,Northstar,APAC
SEC00179,US1000000179,XH179,Apex Capital ETF 2039,Corporate Bond,USD,NASDAQ,Blue Harbor,Americas
SEC00180,US1000000180,YI180,Atlas Derivative 2028,Government Bond,USD,NSE,Northstar,APAC
SEC00181,US1000000181,ZI181,Northstar Derivative 2029,ETF,GBP,TSE,Riverstone,EMEA
SEC00182,US1000000182,AI182,Apex Capital Government Bond 2030,Derivative,USD,NASDAQ,Apex Capital,Americas
SEC00183,US1000000183,BJ183,Blue Harbor Corporate Bond 2031,Corporate Bond,GBP,NYSE,Riverstone,Americas
SEC00184,US1000000184,CJ184,Apex Capital ETF 2032,Corporate Bond,INR,NSE,Blue Harbor,EMEA
SEC00185,US1000000185,DJ185,Blue Harbor ETF 2033,ETF,USD,NASDAQ,Zenith,EMEA
SEC00186,US1000000186,EK186,Blue Harbor Corporate Bond 2034,Equity,GBP,TSE,Apex Capital,EMEA
SEC00187,US1000000187,FK187,Atlas Equity 2035,ETF,USD,NYSE,Blue Harbor,Americas
SEC00188,US1000000188,GK188,Riverstone ETF 2036,Corporate Bond,INR,NASDAQ,Riverstone,APAC
SEC00189,US1000000189,HL189,Blue Harbor Corporate Bond 2037,Equity,USD,NASDAQ,Northstar,Americas
SEC00190,US1000000190,IL190,Apex Capital Derivative 2038,Equity,GBP,NASDAQ,Apex Capital,APAC
SEC00191,US1000000191,JL191,Atlas Corporate Bond 2039,ETF,EUR,TSE,Zenith,Americas
SEC00192,US1000000192,KM192,Apex Capital Equity 2028,Equity,USD,NSE,Apex Capital,Americas
SEC00193,US1000000193,LM193,Apex Capital Derivative 2029,Equity,GBP,NSE,Northstar,EMEA
SEC00194,US1000000194,MM194,Atlas Equity 2030,Equity,JPY,TSE,Blue Harbor,EMEA
SEC00195,US1000000195,NN195,Riverstone Equity 2031,Equity,EUR,NASDAQ,Zenith,EMEA
SEC00196,US1000000196,ON196,Blue Harbor Government Bond 2032,Equity,JPY,NSE,Zenith,EMEA
SEC00197,US1000000197,PN197,Riverstone Derivative 2033,Government Bond,CAD,XETRA,Riverstone,APAC
SEC00198,US1000000198,QO198,Apex Capital Equity 2034,Equity,USD,XETRA,Atlas,EMEA
SEC00199,US1000000199,RO199,Northstar Corporate Bond 2035,ETF,EUR,TSE,Apex Capital,EMEA
SEC00200,US1000000200,SO200,Atlas ETF 2036,ETF,USD,TSE,Blue Harbor,EMEA
SEC00201,US1000000201,TP201,Northstar Derivative 2037,Equity,INR,NSE,Apex Capital,Americas
SEC00202,US1000000202,UP202,Blue Harbor Government Bond 2038,Equity,EUR,XETRA,Apex Capital,EMEA
SEC00203,US1000000203,VP203,Blue Harbor Equity 2039,Government Bond,USD,XETRA,Northstar,Americas
SEC00204,US1000000204,WQ204,Atlas Equity 2028,Equity,USD,TSE,Zenith,EMEA
SEC00205,US1000000205,XQ205,Northstar Corporate Bond 2029,Equity,INR,NASDAQ,Atlas,Americas
SEC00206,US1000000206,YQ206,Northstar Equity 2030,Derivative,USD,NASDAQ,Riverstone,APAC
SEC00207,US1000000207,ZR207,Apex Capital ETF 2031,Derivative,GBP,XETRA,Zenith,EMEA
SEC00208,US1000000208,AR208,Atlas Equity 2032,Government Bond,USD,NYSE,Riverstone,APAC
SEC00209,US1000000209,BR209,Northstar Government Bond 2033,Equity,CAD,NASDAQ,Northstar,EMEA
SEC00210,US1000000210,CS210,Atlas ETF 2034,Government Bond,USD,TSE,Atlas,Americas
SEC00211,,DS211,Riverstone Government Bond 2035,Government Bond,USD,NSE,Atlas,APAC
SEC00212,US1000000212,ES212,Blue Harbor Equity 2036,Corporate Bond,INR,XETRA,Apex Capital,EMEA
SEC00213,US1000000213,FT213,Atlas Derivative 2037,Government Bond,INR,LSE,Blue Harbor,APAC
SEC00214,US1000000214,GT214,Apex Capital ETF 2038,Equity,USD,LSE,Riverstone,EMEA
SEC00215,US1000000215,HT215,Apex Capital ETF 2039,Equity,EUR,TSE,Blue Harbor,EMEA
SEC00216,US1000000216,IU216,Riverstone Equity 2028,Corporate Bond,JPY,XETRA,Atlas,APAC
SEC00217,US1000000217,JU217,Blue Harbor Equity 2029,Equity,INR,NYSE,Atlas,EMEA
SEC00218,US1000000218,KU218,Zenith Derivative 2030,Equity,USD,XETRA,Blue Harbor,Americas
SEC00219,US1000000219,LV219,Apex Capital Corporate Bond 2031,ETF,EUR,LSE,Apex Capital,EMEA
SEC00220,US1000000220,MV220,Atlas Corporate Bond 2032,Derivative,JPY,TSE,Blue Harbor,EMEA
SEC00221,US1000000221,NV221,Apex Capital Government Bond 2033,Corporate Bond,JPY,NSE,Northstar,APAC
SEC00222,US1000000222,OW222,Zenith ETF 2034,ETF,JPY,NSE,Blue Harbor,Americas
SEC00223,US1000000223,PW223,Northstar Derivative 2035,Derivative,EUR,XETRA,Zenith,EMEA
SEC00224,US1000000224,QW224,Zenith Corporate Bond 2036,Equity,USD,LSE,Blue Harbor,APAC
SEC00225,US1000000225,RX225,Atlas Derivative 2037,Corporate Bond,INR,LSE,Northstar,EMEA
SEC00226,US1000000226,SX226,Blue Harbor Equity 2038,Corporate Bond,INR,NASDAQ,Northstar,APAC
SEC00227,US1000000227,TX227,Zenith Government Bond 2039,Equity,INR,NSE,Riverstone,EMEA
SEC00228,US1000000228,UY228,Apex Capital ETF 2028,Government Bond,USD,NSE,Apex Capital,Americas
SEC00229,US1000000229,VY229,Atlas Equity 2029,Corporate Bond,USD,NSE,Northstar,APAC
SEC00230,US1000000230,WY230,Riverstone Equity 2030,Corporate Bond,JPY,NASDAQ,Atlas,Americas
SEC00231,US1000000231,XZ231,Riverstone Government Bond 2031,Equity,USD,NASDAQ,Apex Capital,Americas
SEC00232,US1000000232,YZ232,Apex Capital Derivative 2032,Equity,CAD,NSE,Blue Harbor,EMEA
SEC00233,US1000000233,ZZ233,Apex Capital Government Bond 2033,ETF,USD,XETRA,Northstar,APAC
SEC00234,US1000000234,AA234,Northstar Derivative 2034,Equity,JPY,TSE,Apex Capital,APAC
SEC00235,US1000000235,BA235,Riverstone Derivative 2035,Equity,INR,LSE,Blue Harbor,Americas
SEC00236,US1000000236,CA236,Blue Harbor Government Bond 2036,Equity,USD,LSE,Zenith,Americas
SEC00237,,DB237,Zenith ETF 2037,Corporate Bond,USD,XETRA,Northstar,APAC
SEC00238,US1000000238,EB238,Atlas Equity 2038,Corporate Bond,GBP,TSE,Apex Capital,Americas
SEC00239,US1000000239,FB239,Zenith Equity 2039,Corporate Bond,EUR,LSE,Apex Capital,Americas
SEC00240,US1000000240,GC240,Northstar Derivative 2028,Equity,USD,TSE,Zenith,Americas
SEC00241,US1000000241,HC241,Northstar ETF 2029,Equity,GBP,NASDAQ,Atlas,EMEA
SEC00242,US1000000242,IC242,Blue Harbor Corporate Bond 2030,ETF,INR,LSE,Northstar,APAC
SEC00243,US1000000243,JD243,Blue Harbor Government Bond 2031,Government Bond,EUR,NSE,Northstar,APAC
SEC00244,US1000000244,KD244,Riverstone ETF 2032,Government Bond,USD,NSE,Blue Harbor,EMEA
SEC00245,US1000000245,LD245,Atlas Derivative 2033,Government Bond,USD,NSE,Blue Harbor,Americas
SEC00246,US1000000246,ME246,Riverstone ETF 2034,Government Bond,USD,NASDAQ,Northstar,Americas
SEC00247,US1000000247,NE247,Northstar Government Bond 2035,Equity,USD,NSE,Apex Capital,EMEA
SEC00248,US1000000248,OE248,Apex Capital Corporate Bond 2036,Equity,USD,NSE,Zenith,Americas
SEC00249,US1000000249,PF249,Atlas Government Bond 2037,Corporate Bond,GBP,NSE,Blue Harbor,Americas
SEC00250,US1000000250,QF250,Apex Capital ETF 2038,Equity,USD,NYSE,Blue Harbor,Americas
SEC00251,US1000000251,RF251,Atlas Derivative 2039,ETF,CAD,TSE,Northstar,Americas
SEC00252,US1000000252,SG252,Northstar Government Bond 2028,Corporate Bond,USD,NSE,Atlas,EMEA
SEC00253,US1000000253,TG253,Zenith Corporate Bond 2029,Government Bond,USD,TSE,Zenith,EMEA
SEC00254,US1000000254,UG254,Northstar Corporate Bond 2030,ETF,JPY,NASDAQ,Blue Harbor,Americas
SEC00255,,VH255,Atlas ETF 2031,Corporate Bond,INR,TSE,Northstar,EMEA
SEC00256,US1000000256,WH256,Atlas Derivative 2032,ETF,USD,NYSE,Riverstone,APAC
SEC00257,US1000000257,XH257,Atlas Equity 2033,Corporate Bond,USD,LSE,Atlas,APAC
SEC00258,US1000000258,YI258,Atlas Equity 2034,ETF,USD,XETRA,Apex Capital,APAC
SEC00259,US1000000259,ZI259,Blue Harbor Government Bond 2035,Equity,EUR,LSE,Atlas,EMEA
SEC00260,US1000000260,AI260,Blue Harbor Equity 2036,Corporate Bond,EUR,TSE,Riverstone,APAC
SEC00261,US1000000261,BJ261,Northstar Derivative 2037,Corporate Bond,USD,NASDAQ,Apex Capital,Americas
SEC00262,US1000000262,CJ262,Northstar Corporate Bond 2038,Equity,USD,XETRA,Riverstone,Americas
SEC00263,US1000000263,DJ263,Atlas Equity 2039,Corporate Bond,EUR,XETRA,Apex Capital,Americas
SEC00264,US1000000264,EK264,Atlas Derivative 2028,ETF,CAD,XETRA,Apex Capital,EMEA
SEC00265,US1000000265,FK265,Zenith Equity 2029,Government Bond,GBP,NASDAQ,Apex Capital,Americas
SEC00266,US1000000266,GK266,Apex Capital Corporate Bond 2030,Equity,EUR,NASDAQ,Blue Harbor,Americas
SEC00267,US1000000267,HL267,Zenith Equity 2031,Equity,USD,NASDAQ,Zenith,APAC
SEC00268,US1000000268,IL268,Blue Harbor Equity 2032,Equity,USD,LSE,Blue Harbor,Americas
SEC00269,US1000000269,JL269,Zenith Equity 2033,Equity,USD,XETRA,Apex Capital,Americas
SEC00270,US1000000270,KM270,Riverstone Equity 2034,Derivative,JPY,LSE,Northstar,Americas
SEC00271,US1000000271,LM271,Northstar Equity 2035,Corporate Bond,INR,LSE,Atlas,EMEA
SEC00272,US1000000272,MM272,Riverstone Equity 2036,Equity,INR,NASDAQ,Atlas,Americas
SEC00273,US1000000273,NN273,Blue Harbor Government Bond 2037,Corporate Bond,CAD,NASDAQ,Riverstone,Americas
SEC00274,US1000000274,ON274,Zenith ETF 2038,Equity,CAD,XETRA,Apex Capital,Americas
SEC00275,US1000000275,PN275,Riverstone Corporate Bond 2039,Equity,CAD,TSE,Riverstone,APAC
SEC00276,US1000000276,QO276,Riverstone Corporate Bond 2028,Government Bond,USD,NASDAQ,Riverstone,APAC
SEC00277,US1000000277,RO277,Atlas Government Bond 2029,Government Bond,USD,NSE,Zenith,EMEA
SEC00278,US1000000278,SO278,Riverstone Derivative 2030,Derivative,USD,XETRA,Apex Capital,EMEA
SEC00279,US1000000279,TP279,Riverstone Derivative 2031,Government Bond,EUR,NASDAQ,Atlas,APAC
SEC00280,US1000000280,UP280,Zenith Equity 2032,Corporate Bond,USD,LSE,Blue Harbor,APAC
SEC00281,,VP281,Blue Harbor Equity 2033,Government Bond,INR,NYSE,Apex Capital,EMEA
SEC00282,,WQ282,Atlas Corporate Bond 2034,ETF,GBP,NYSE,Northstar,APAC
SEC00283,US1000000283,XQ283,Northstar Corporate Bond 2035,Government Bond,EUR,LSE,Blue Harbor,APAC
SEC00284,US1000000284,YQ284,Zenith Government Bond 2036,Derivative,USD,LSE,Apex Capital,APAC
SEC00285,US1000000285,ZR285,Atlas Government Bond 2037,ETF,USD,TSE,Northstar,EMEA
SEC00286,US1000000286,AR286,Northstar Equity 2038,ETF,USD,NYSE,Blue Harbor,Americas
SEC00287,US1000000287,BR287,Apex Capital Corporate Bond 2039,Equity,INR,NSE,Atlas,Americas
SEC00288,US1000000288,CS288,Atlas Government Bond 2028,Government Bond,EUR,NASDAQ,Apex Capital,EMEA
SEC00289,US1000000289,DS289,Atlas Equity 2029,Corporate Bond,JPY,NYSE,Zenith,EMEA
SEC00290,US1000000290,ES290,Apex Capital Derivative 2030,Corporate Bond,USD,TSE,Atlas,Americas
SEC00291,US1000000291,FT291,Apex Capital Equity 2031,Government Bond,USD,TSE,Riverstone,EMEA
SEC00292,US1000000292,GT292,Blue Harbor Derivative 2032,Derivative,USD,XETRA,Atlas,EMEA
SEC00293,US1000000293,HT293,Riverstone Equity 2033,Derivative,JPY,NYSE,Northstar,APAC
SEC00294,US1000000294,IU294,Atlas Derivative 2034,Equity,JPY,NYSE,Riverstone,Americas
SEC00295,US1000000295,JU295,Riverstone Derivative 2035,Government Bond,USD,LSE,Atlas,Americas
SEC00296,US1000000296,KU296,Northstar Derivative 2036,Government Bond,CAD,LSE,Northstar,APAC
SEC00297,US1000000297,LV297,Northstar Derivative 2037,Equity,USD,NSE,Blue Harbor,APAC
SEC00298,US1000000298,MV298,Zenith ETF 2038,Equity,INR,NASDAQ,Zenith,APAC
SEC00299,US1000000299,NV299,Zenith ETF 2039,Equity,USD,NASDAQ,Blue Harbor,APAC
SEC00300,US1000000300,OW300,Zenith ETF 2028,Government Bond,USD,NSE,Northstar,APAC
SEC00301,US1000000301,PW301,Riverstone Equity 2029,Corporate Bond,INR,NYSE,Atlas,Americas
SEC00302,US1000000302,QW302,Riverstone Government Bond 2030,Derivative,USD,NYSE,Atlas,Americas
SEC00303,US1000000303,RX303,Northstar Government Bond 2031,Corporate Bond,USD,LSE,Blue Harbor,Americas
SEC00304,,SX304,Atlas Derivative 2032,Derivative,EUR,LSE,Riverstone,EMEA
SEC00305,US1000000305,TX305,Atlas Government Bond 2033,Corporate Bond,USD,XETRA,Blue Harbor,APAC
SEC00306,US1000000306,UY306,Riverstone Corporate Bond 2034,ETF,JPY,NSE,Riverstone,Americas
SEC00307,US1000000307,VY307,Riverstone ETF 2035,Equity,INR,NSE,Zenith,EMEA
SEC00308,,WY308,Northstar Corporate Bond 2036,Corporate Bond,INR,NASDAQ,Blue Harbor,Americas
SEC00309,US1000000309,XZ309,Apex Capital Equity 2037,ETF,USD,NSE,Apex Capital,Americas
SEC00310,US1000000310,YZ310,Blue Harbor Government Bond 2038,Derivative,EUR,XETRA,Zenith,Americas
SEC00311,US1000000311,ZZ311,Apex Capital Government Bond 2039,ETF,USD,NYSE,Northstar,Americas
SEC00312,,AA312,Zenith Corporate Bond 2028,Equity,USD,NSE,Northstar,APAC
SEC00313,US1000000313,BA313,Blue Harbor Corporate Bond 2029,Equity,USD,NYSE,Northstar,Americas
SEC00314,US1000000314,CA314,Zenith Corporate Bond 2030,Equity,CAD,XETRA,Atlas,APAC
SEC00315,US1000000315,DB315,Riverstone Corporate Bond 2031,Equity,INR,TSE,Apex Capital,EMEA
SEC00316,US1000000316,EB316,Blue Harbor Corporate Bond 2032,Government Bond,JPY,NASDAQ,Riverstone,Americas
SEC00317,US1000000317,FB317,Northstar ETF 2033,Government Bond,EUR,NASDAQ,Atlas,Americas
SEC00318,US1000000318,GC318,Northstar Corporate Bond 2034,Government Bond,EUR,LSE,Apex Capital,APAC
SEC00319,US1000000319,HC319,Riverstone Derivative 2035,ETF,EUR,NSE,Zenith,Americas
